
  .   ____          _            __ _ _
 /\\ / ___'_ __ _ _(_)_ __  __ _ \ \ \ \
( ( )\___ | '_ | '_| | '_ \/ _` | \ \ \ \
 \\/  ___)| |_)| | | | | || (_| |  ) ) ) )
  '  |____| .__|_| |_|_| |_\__, | / / / /
 =========|_|==============|___/=/_/_/_/
[32m :: Spring Boot :: [39m              [2m (v3.1.0)[0;39m

✅ Loaded environment variables from .env file
   - loaded from: ./
   - DB_USERNAME: springuser
   - STRIPE keys: loaded
   - TWOFACTOR_API_KEY: loaded
   - FAST2SMS_API_KEY: loaded
[2m2026-03-26T20:46:12.760+05:30[0;39m [32m INFO[0;39m [35m14365[0;39m [2m---[0;39m [2m[           main][0;39m [36mc.d.bookMyShow.BookMyShowApplication    [0;39m [2m:[0;39m Starting BookMyShowApplication v0.0.1-SNAPSHOT using Java 23.0.1 with PID 14365 (/Users/vineettiwari/Downloads/bookmyshow/Book-My-Show/target/bookMyShow-0.0.1-SNAPSHOT.jar started by vineettiwari in /Users/vineettiwari/Downloads/bookmyshow/Book-My-Show)
[2m2026-03-26T20:46:12.761+05:30[0;39m [32m INFO[0;39m [35m14365[0;39m [2m---[0;39m [2m[           main][0;39m [36mc.d.bookMyShow.BookMyShowApplication    [0;39m [2m:[0;39m No active profile set, falling back to 1 default profile: "default"
[2m2026-03-26T20:46:13.334+05:30[0;39m [32m INFO[0;39m [35m14365[0;39m [2m---[0;39m [2m[           main][0;39m [36m.s.d.r.c.RepositoryConfigurationDelegate[0;39m [2m:[0;39m Multiple Spring Data modules found, entering strict repository configuration mode
[2m2026-03-26T20:46:13.335+05:30[0;39m [32m INFO[0;39m [35m14365[0;39m [2m---[0;39m [2m[           main][0;39m [36m.s.d.r.c.RepositoryConfigurationDelegate[0;39m [2m:[0;39m Bootstrapping Spring Data JPA repositories in DEFAULT mode.
[2m2026-03-26T20:46:13.489+05:30[0;39m [32m INFO[0;39m [35m14365[0;39m [2m---[0;39m [2m[           main][0;39m [36m.s.d.r.c.RepositoryConfigurationDelegate[0;39m [2m:[0;39m Finished Spring Data repository scanning in 150 ms. Found 33 JPA repository interfaces.
[2m2026-03-26T20:46:13.505+05:30[0;39m [32m INFO[0;39m [35m14365[0;39m [2m---[0;39m [2m[           main][0;39m [36m.s.d.r.c.RepositoryConfigurationDelegate[0;39m [2m:[0;39m Multiple Spring Data modules found, entering strict repository configuration mode
[2m2026-03-26T20:46:13.506+05:30[0;39m [32m INFO[0;39m [35m14365[0;39m [2m---[0;39m [2m[           main][0;39m [36m.s.d.r.c.RepositoryConfigurationDelegate[0;39m [2m:[0;39m Bootstrapping Spring Data Redis repositories in DEFAULT mode.
[2m2026-03-26T20:46:13.516+05:30[0;39m [32m INFO[0;39m [35m14365[0;39m [2m---[0;39m [2m[           main][0;39m [36m.RepositoryConfigurationExtensionSupport[0;39m [2m:[0;39m Spring Data Redis - Could not safely identify store assignment for repository candidate interface com.driver.bookMyShow.Repositories.PaymentRepository; If you want this repository to be a Redis repository, consider annotating your entities with one of these annotations: org.springframework.data.redis.core.RedisHash (preferred), or consider extending one of the following types with your repository: org.springframework.data.keyvalue.repository.KeyValueRepository
[2m2026-03-26T20:46:13.516+05:30[0;39m [32m INFO[0;39m [35m14365[0;39m [2m---[0;39m [2m[           main][0;39m [36m.RepositoryConfigurationExtensionSupport[0;39m [2m:[0;39m Spring Data Redis - Could not safely identify store assignment for repository candidate interface com.driver.bookMyShow.Repositories.ShowSeatRepository; If you want this repository to be a Redis repository, consider annotating your entities with one of these annotations: org.springframework.data.redis.core.RedisHash (preferred), or consider extending one of the following types with your repository: org.springframework.data.keyvalue.repository.KeyValueRepository
[2m2026-03-26T20:46:13.516+05:30[0;39m [32m INFO[0;39m [35m14365[0;39m [2m---[0;39m [2m[           main][0;39m [36m.RepositoryConfigurationExtensionSupport[0;39m [2m:[0;39m Spring Data Redis - Could not safely identify store assignment for repository candidate interface com.driver.bookMyShow.Repositories.UserRepository; If you want this repository to be a Redis repository, consider annotating your entities with one of these annotations: org.springframework.data.redis.core.RedisHash (preferred), or consider extending one of the following types with your repository: org.springframework.data.keyvalue.repository.KeyValueRepository
[2m2026-03-26T20:46:13.517+05:30[0;39m [32m INFO[0;39m [35m14365[0;39m [2m---[0;39m [2m[           main][0;39m [36m.RepositoryConfigurationExtensionSupport[0;39m [2m:[0;39m Spring Data Redis - Could not safely identify store assignment for repository candidate interface com.driver.bookMyShow.Repositories.GameRewardCreditRepository; If you want this repository to be a Redis repository, consider annotating your entities with one of these annotations: org.springframework.data.redis.core.RedisHash (preferred), or consider extending one of the following types with your repository: org.springframework.data.keyvalue.repository.KeyValueRepository
[2m2026-03-26T20:46:13.517+05:30[0;39m [32m INFO[0;39m [35m14365[0;39m [2m---[0;39m [2m[           main][0;39m [36m.RepositoryConfigurationExtensionSupport[0;39m [2m:[0;39m Spring Data Redis - Could not safely identify store assignment for repository candidate interface com.driver.bookMyShow.Repositories.GameMonthlyLeaderboardRepository; If you want this repository to be a Redis repository, consider annotating your entities with one of these annotations: org.springframework.data.redis.core.RedisHash (preferred), or consider extending one of the following types with your repository: org.springframework.data.keyvalue.repository.KeyValueRepository
[2m2026-03-26T20:46:13.517+05:30[0;39m [32m INFO[0;39m [35m14365[0;39m [2m---[0;39m [2m[           main][0;39m [36m.RepositoryConfigurationExtensionSupport[0;39m [2m:[0;39m Spring Data Redis - Could not safely identify store assignment for repository candidate interface com.driver.bookMyShow.Repositories.MonthlyGameStatsRepository; If you want this repository to be a Redis repository, consider annotating your entities with one of these annotations: org.springframework.data.redis.core.RedisHash (preferred), or consider extending one of the following types with your repository: org.springframework.data.keyvalue.repository.KeyValueRepository
[2m2026-03-26T20:46:13.517+05:30[0;39m [32m INFO[0;39m [35m14365[0;39m [2m---[0;39m [2m[           main][0;39m [36m.RepositoryConfigurationExtensionSupport[0;39m [2m:[0;39m Spring Data Redis - Could not safely identify store assignment for repository candidate interface com.driver.bookMyShow.Repositories.GameLeaderboardRepository; If you want this repository to be a Redis repository, consider annotating your entities with one of these annotations: org.springframework.data.redis.core.RedisHash (preferred), or consider extending one of the following types with your repository: org.springframework.data.keyvalue.repository.KeyValueRepository
[2m2026-03-26T20:46:13.518+05:30[0;39m [32m INFO[0;39m [35m14365[0;39m [2m---[0;39m [2m[           main][0;39m [36m.RepositoryConfigurationExtensionSupport[0;39m [2m:[0;39m Spring Data Redis - Could not safely identify store assignment for repository candidate interface com.driver.bookMyShow.Repositories.UserExtraSpinsRepository; If you want this repository to be a Redis repository, consider annotating your entities with one of these annotations: org.springframework.data.redis.core.RedisHash (preferred), or consider extending one of the following types with your repository: org.springframework.data.keyvalue.repository.KeyValueRepository
[2m2026-03-26T20:46:13.518+05:30[0;39m [32m INFO[0;39m [35m14365[0;39m [2m---[0;39m [2m[           main][0;39m [36m.RepositoryConfigurationExtensionSupport[0;39m [2m:[0;39m Spring Data Redis - Could not safely identify store assignment for repository candidate interface com.driver.bookMyShow.Repositories.SeatLockRepository; If you want this repository to be a Redis repository, consider annotating your entities with one of these annotations: org.springframework.data.redis.core.RedisHash (preferred), or consider extending one of the following types with your repository: org.springframework.data.keyvalue.repository.KeyValueRepository
[2m2026-03-26T20:46:13.518+05:30[0;39m [32m INFO[0;39m [35m14365[0;39m [2m---[0;39m [2m[           main][0;39m [36m.RepositoryConfigurationExtensionSupport[0;39m [2m:[0;39m Spring Data Redis - Could not safely identify store assignment for repository candidate interface com.driver.bookMyShow.Repositories.TicketRepository; If you want this repository to be a Redis repository, consider annotating your entities with one of these annotations: org.springframework.data.redis.core.RedisHash (preferred), or consider extending one of the following types with your repository: org.springframework.data.keyvalue.repository.KeyValueRepository
[2m2026-03-26T20:46:13.518+05:30[0;39m [32m INFO[0;39m [35m14365[0;39m [2m---[0;39m [2m[           main][0;39m [36m.RepositoryConfigurationExtensionSupport[0;39m [2m:[0;39m Spring Data Redis - Could not safely identify store assignment for repository candidate interface com.driver.bookMyShow.Repositories.CityRepository; If you want this repository to be a Redis repository, consider annotating your entities with one of these annotations: org.springframework.data.redis.core.RedisHash (preferred), or consider extending one of the following types with your repository: org.springframework.data.keyvalue.repository.KeyValueRepository
[2m2026-03-26T20:46:13.518+05:30[0;39m [32m INFO[0;39m [35m14365[0;39m [2m---[0;39m [2m[           main][0;39m [36m.RepositoryConfigurationExtensionSupport[0;39m [2m:[0;39m Spring Data Redis - Could not safely identify store assignment for repository candidate interface com.driver.bookMyShow.Repositories.MovieRecommendationRepository; If you want this repository to be a Redis repository, consider annotating your entities with one of these annotations: org.springframework.data.redis.core.RedisHash (preferred), or consider extending one of the following types with your repository: org.springframework.data.keyvalue.repository.KeyValueRepository
[2m2026-03-26T20:46:13.518+05:30[0;39m [32m INFO[0;39m [35m14365[0;39m [2m---[0;39m [2m[           main][0;39m [36m.RepositoryConfigurationExtensionSupport[0;39m [2m:[0;39m Spring Data Redis - Could not safely identify store assignment for repository candidate interface com.driver.bookMyShow.Repositories.TheaterSeatRepository; If you want this repository to be a Redis repository, consider annotating your entities with one of these annotations: org.springframework.data.redis.core.RedisHash (preferred), or consider extending one of the following types with your repository: org.springframework.data.keyvalue.repository.KeyValueRepository
[2m2026-03-26T20:46:13.518+05:30[0;39m [32m INFO[0;39m [35m14365[0;39m [2m---[0;39m [2m[           main][0;39m [36m.RepositoryConfigurationExtensionSupport[0;39m [2m:[0;39m Spring Data Redis - Could not safely identify store assignment for repository candidate interface com.driver.bookMyShow.Repositories.SpinTransactionRepository; If you want this repository to be a Redis repository, consider annotating your entities with one of these annotations: org.springframework.data.redis.core.RedisHash (preferred), or consider extending one of the following types with your repository: org.springframework.data.keyvalue.repository.KeyValueRepository
[2m2026-03-26T20:46:13.518+05:30[0;39m [32m INFO[0;39m [35m14365[0;39m [2m---[0;39m [2m[           main][0;39m [36m.RepositoryConfigurationExtensionSupport[0;39m [2m:[0;39m Spring Data Redis - Could not safely identify store assignment for repository candidate interface com.driver.bookMyShow.Repositories.UserWalletRepository; If you want this repository to be a Redis repository, consider annotating your entities with one of these annotations: org.springframework.data.redis.core.RedisHash (preferred), or consider extending one of the following types with your repository: org.springframework.data.keyvalue.repository.KeyValueRepository
[2m2026-03-26T20:46:13.518+05:30[0;39m [32m INFO[0;39m [35m14365[0;39m [2m---[0;39m [2m[           main][0;39m [36m.RepositoryConfigurationExtensionSupport[0;39m [2m:[0;39m Spring Data Redis - Could not safely identify store assignment for repository candidate interface com.driver.bookMyShow.Repositories.GamePlayLogRepository; If you want this repository to be a Redis repository, consider annotating your entities with one of these annotations: org.springframework.data.redis.core.RedisHash (preferred), or consider extending one of the following types with your repository: org.springframework.data.keyvalue.repository.KeyValueRepository
[2m2026-03-26T20:46:13.518+05:30[0;39m [32m INFO[0;39m [35m14365[0;39m [2m---[0;39m [2m[           main][0;39m [36m.RepositoryConfigurationExtensionSupport[0;39m [2m:[0;39m Spring Data Redis - Could not safely identify store assignment for repository candidate interface com.driver.bookMyShow.Repositories.SpinPaymentRepository; If you want this repository to be a Redis repository, consider annotating your entities with one of these annotations: org.springframework.data.redis.core.RedisHash (preferred), or consider extending one of the following types with your repository: org.springframework.data.keyvalue.repository.KeyValueRepository
[2m2026-03-26T20:46:13.518+05:30[0;39m [32m INFO[0;39m [35m14365[0;39m [2m---[0;39m [2m[           main][0;39m [36m.RepositoryConfigurationExtensionSupport[0;39m [2m:[0;39m Spring Data Redis - Could not safely identify store assignment for repository candidate interface com.driver.bookMyShow.Repositories.TemporaryWalletCreditRepository; If you want this repository to be a Redis repository, consider annotating your entities with one of these annotations: org.springframework.data.redis.core.RedisHash (preferred), or consider extending one of the following types with your repository: org.springframework.data.keyvalue.repository.KeyValueRepository
[2m2026-03-26T20:46:13.519+05:30[0;39m [32m INFO[0;39m [35m14365[0;39m [2m---[0;39m [2m[           main][0;39m [36m.RepositoryConfigurationExtensionSupport[0;39m [2m:[0;39m Spring Data Redis - Could not safely identify store assignment for repository candidate interface com.driver.bookMyShow.Repositories.TemporaryWalletRepository; If you want this repository to be a Redis repository, consider annotating your entities with one of these annotations: org.springframework.data.redis.core.RedisHash (preferred), or consider extending one of the following types with your repository: org.springframework.data.keyvalue.repository.KeyValueRepository
[2m2026-03-26T20:46:13.519+05:30[0;39m [32m INFO[0;39m [35m14365[0;39m [2m---[0;39m [2m[           main][0;39m [36m.RepositoryConfigurationExtensionSupport[0;39m [2m:[0;39m Spring Data Redis - Could not safely identify store assignment for repository candidate interface com.driver.bookMyShow.Repositories.DailyGameLogRepository; If you want this repository to be a Redis repository, consider annotating your entities with one of these annotations: org.springframework.data.redis.core.RedisHash (preferred), or consider extending one of the following types with your repository: org.springframework.data.keyvalue.repository.KeyValueRepository
[2m2026-03-26T20:46:13.519+05:30[0;39m [32m INFO[0;39m [35m14365[0;39m [2m---[0;39m [2m[           main][0;39m [36m.RepositoryConfigurationExtensionSupport[0;39m [2m:[0;39m Spring Data Redis - Could not safely identify store assignment for repository candidate interface com.driver.bookMyShow.Repositories.MovieRepository; If you want this repository to be a Redis repository, consider annotating your entities with one of these annotations: org.springframework.data.redis.core.RedisHash (preferred), or consider extending one of the following types with your repository: org.springframework.data.keyvalue.repository.KeyValueRepository
[2m2026-03-26T20:46:13.519+05:30[0;39m [32m INFO[0;39m [35m14365[0;39m [2m---[0;39m [2m[           main][0;39m [36m.RepositoryConfigurationExtensionSupport[0;39m [2m:[0;39m Spring Data Redis - Could not safely identify store assignment for repository candidate interface com.driver.bookMyShow.Repositories.StaticPageRepository; If you want this repository to be a Redis repository, consider annotating your entities with one of these annotations: org.springframework.data.redis.core.RedisHash (preferred), or consider extending one of the following types with your repository: org.springframework.data.keyvalue.repository.KeyValueRepository
[2m2026-03-26T20:46:13.519+05:30[0;39m [32m INFO[0;39m [35m14365[0;39m [2m---[0;39m [2m[           main][0;39m [36m.RepositoryConfigurationExtensionSupport[0;39m [2m:[0;39m Spring Data Redis - Could not safely identify store assignment for repository candidate interface com.driver.bookMyShow.Repositories.ShowRepository; If you want this repository to be a Redis repository, consider annotating your entities with one of these annotations: org.springframework.data.redis.core.RedisHash (preferred), or consider extending one of the following types with your repository: org.springframework.data.keyvalue.repository.KeyValueRepository
[2m2026-03-26T20:46:13.519+05:30[0;39m [32m INFO[0;39m [35m14365[0;39m [2m---[0;39m [2m[           main][0;39m [36m.RepositoryConfigurationExtensionSupport[0;39m [2m:[0;39m Spring Data Redis - Could not safely identify store assignment for repository candidate interface com.driver.bookMyShow.Repositories.WalletTransactionRepository; If you want this repository to be a Redis repository, consider annotating your entities with one of these annotations: org.springframework.data.redis.core.RedisHash (preferred), or consider extending one of the following types with your repository: org.springframework.data.keyvalue.repository.KeyValueRepository
[2m2026-03-26T20:46:13.519+05:30[0;39m [32m INFO[0;39m [35m14365[0;39m [2m---[0;39m [2m[           main][0;39m [36m.RepositoryConfigurationExtensionSupport[0;39m [2m:[0;39m Spring Data Redis - Could not safely identify store assignment for repository candidate interface com.driver.bookMyShow.Repositories.TheaterRepository; If you want this repository to be a Redis repository, consider annotating your entities with one of these annotations: org.springframework.data.redis.core.RedisHash (preferred), or consider extending one of the following types with your repository: org.springframework.data.keyvalue.repository.KeyValueRepository
[2m2026-03-26T20:46:13.519+05:30[0;39m [32m INFO[0;39m [35m14365[0;39m [2m---[0;39m [2m[           main][0;39m [36m.RepositoryConfigurationExtensionSupport[0;39m [2m:[0;39m Spring Data Redis - Could not safely identify store assignment for repository candidate interface com.driver.bookMyShow.Repositories.RefundRuleRepository; If you want this repository to be a Redis repository, consider annotating your entities with one of these annotations: org.springframework.data.redis.core.RedisHash (preferred), or consider extending one of the following types with your repository: org.springframework.data.keyvalue.repository.KeyValueRepository
[2m2026-03-26T20:46:13.520+05:30[0;39m [32m INFO[0;39m [35m14365[0;39m [2m---[0;39m [2m[           main][0;39m [36m.RepositoryConfigurationExtensionSupport[0;39m [2m:[0;39m Spring Data Redis - Could not safely identify store assignment for repository candidate interface com.driver.bookMyShow.modules.addons.repository.PaymentAddonRepository; If you want this repository to be a Redis repository, consider annotating your entities with one of these annotations: org.springframework.data.redis.core.RedisHash (preferred), or consider extending one of the following types with your repository: org.springframework.data.keyvalue.repository.KeyValueRepository
[2m2026-03-26T20:46:13.520+05:30[0;39m [32m INFO[0;39m [35m14365[0;39m [2m---[0;39m [2m[           main][0;39m [36m.RepositoryConfigurationExtensionSupport[0;39m [2m:[0;39m Spring Data Redis - Could not safely identify store assignment for repository candidate interface com.driver.bookMyShow.modules.receipt.repository.ReceiptRepository; If you want this repository to be a Redis repository, consider annotating your entities with one of these annotations: org.springframework.data.redis.core.RedisHash (preferred), or consider extending one of the following types with your repository: org.springframework.data.keyvalue.repository.KeyValueRepository
[2m2026-03-26T20:46:13.520+05:30[0;39m [32m INFO[0;39m [35m14365[0;39m [2m---[0;39m [2m[           main][0;39m [36m.RepositoryConfigurationExtensionSupport[0;39m [2m:[0;39m Spring Data Redis - Could not safely identify store assignment for repository candidate interface com.driver.bookMyShow.modules.food.repository.FoodItemRepository; If you want this repository to be a Redis repository, consider annotating your entities with one of these annotations: org.springframework.data.redis.core.RedisHash (preferred), or consider extending one of the following types with your repository: org.springframework.data.keyvalue.repository.KeyValueRepository
[2m2026-03-26T20:46:13.520+05:30[0;39m [32m INFO[0;39m [35m14365[0;39m [2m---[0;39m [2m[           main][0;39m [36m.RepositoryConfigurationExtensionSupport[0;39m [2m:[0;39m Spring Data Redis - Could not safely identify store assignment for repository candidate interface com.driver.bookMyShow.modules.food.repository.FoodOrderRepository; If you want this repository to be a Redis repository, consider annotating your entities with one of these annotations: org.springframework.data.redis.core.RedisHash (preferred), or consider extending one of the following types with your repository: org.springframework.data.keyvalue.repository.KeyValueRepository
[2m2026-03-26T20:46:13.520+05:30[0;39m [32m INFO[0;39m [35m14365[0;39m [2m---[0;39m [2m[           main][0;39m [36m.RepositoryConfigurationExtensionSupport[0;39m [2m:[0;39m Spring Data Redis - Could not safely identify store assignment for repository candidate interface com.driver.bookMyShow.modules.parking.repository.ParkingLotRepository; If you want this repository to be a Redis repository, consider annotating your entities with one of these annotations: org.springframework.data.redis.core.RedisHash (preferred), or consider extending one of the following types with your repository: org.springframework.data.keyvalue.repository.KeyValueRepository
[2m2026-03-26T20:46:13.520+05:30[0;39m [32m INFO[0;39m [35m14365[0;39m [2m---[0;39m [2m[           main][0;39m [36m.RepositoryConfigurationExtensionSupport[0;39m [2m:[0;39m Spring Data Redis - Could not safely identify store assignment for repository candidate interface com.driver.bookMyShow.modules.parking.repository.ParkingSlotRepository; If you want this repository to be a Redis repository, consider annotating your entities with one of these annotations: org.springframework.data.redis.core.RedisHash (preferred), or consider extending one of the following types with your repository: org.springframework.data.keyvalue.repository.KeyValueRepository
[2m2026-03-26T20:46:13.520+05:30[0;39m [32m INFO[0;39m [35m14365[0;39m [2m---[0;39m [2m[           main][0;39m [36m.RepositoryConfigurationExtensionSupport[0;39m [2m:[0;39m Spring Data Redis - Could not safely identify store assignment for repository candidate interface com.driver.bookMyShow.modules.parking.repository.ParkingTicketRepository; If you want this repository to be a Redis repository, consider annotating your entities with one of these annotations: org.springframework.data.redis.core.RedisHash (preferred), or consider extending one of the following types with your repository: org.springframework.data.keyvalue.repository.KeyValueRepository
[2m2026-03-26T20:46:13.520+05:30[0;39m [32m INFO[0;39m [35m14365[0;39m [2m---[0;39m [2m[           main][0;39m [36m.s.d.r.c.RepositoryConfigurationDelegate[0;39m [2m:[0;39m Finished Spring Data repository scanning in 10 ms. Found 0 Redis repository interfaces.
[2m2026-03-26T20:46:13.931+05:30[0;39m [32m INFO[0;39m [35m14365[0;39m [2m---[0;39m [2m[           main][0;39m [36mo.s.b.w.embedded.tomcat.TomcatWebServer [0;39m [2m:[0;39m Tomcat initialized with port(s): 8080 (http)
[2m2026-03-26T20:46:13.943+05:30[0;39m [32m INFO[0;39m [35m14365[0;39m [2m---[0;39m [2m[           main][0;39m [36mo.apache.catalina.core.StandardService  [0;39m [2m:[0;39m Starting service [Tomcat]
[2m2026-03-26T20:46:13.943+05:30[0;39m [32m INFO[0;39m [35m14365[0;39m [2m---[0;39m [2m[           main][0;39m [36mo.apache.catalina.core.StandardEngine   [0;39m [2m:[0;39m Starting Servlet engine: [Apache Tomcat/10.1.8]
[2m2026-03-26T20:46:13.987+05:30[0;39m [32m INFO[0;39m [35m14365[0;39m [2m---[0;39m [2m[           main][0;39m [36mo.a.c.c.C.[Tomcat].[localhost].[/]      [0;39m [2m:[0;39m Initializing Spring embedded WebApplicationContext
[2m2026-03-26T20:46:13.988+05:30[0;39m [32m INFO[0;39m [35m14365[0;39m [2m---[0;39m [2m[           main][0;39m [36mw.s.c.ServletWebServerApplicationContext[0;39m [2m:[0;39m Root WebApplicationContext: initialization completed in 1196 ms
[2m2026-03-26T20:46:14.067+05:30[0;39m [32m INFO[0;39m [35m14365[0;39m [2m---[0;39m [2m[           main][0;39m [36mo.hibernate.jpa.internal.util.LogHelper [0;39m [2m:[0;39m HHH000204: Processing PersistenceUnitInfo [name: default]
[2m2026-03-26T20:46:14.102+05:30[0;39m [32m INFO[0;39m [35m14365[0;39m [2m---[0;39m [2m[           main][0;39m [36morg.hibernate.Version                   [0;39m [2m:[0;39m HHH000412: Hibernate ORM core version 6.2.2.Final
[2m2026-03-26T20:46:14.104+05:30[0;39m [32m INFO[0;39m [35m14365[0;39m [2m---[0;39m [2m[           main][0;39m [36morg.hibernate.cfg.Environment           [0;39m [2m:[0;39m HHH000406: Using bytecode reflection optimizer
[2m2026-03-26T20:46:14.177+05:30[0;39m [32m INFO[0;39m [35m14365[0;39m [2m---[0;39m [2m[           main][0;39m [36mo.h.b.i.BytecodeProviderInitiator       [0;39m [2m:[0;39m HHH000021: Bytecode provider name : bytebuddy
[2m2026-03-26T20:46:14.246+05:30[0;39m [32m INFO[0;39m [35m14365[0;39m [2m---[0;39m [2m[           main][0;39m [36mo.s.o.j.p.SpringPersistenceUnitInfo     [0;39m [2m:[0;39m No LoadTimeWeaver setup: ignoring JPA class transformer
[2m2026-03-26T20:46:14.255+05:30[0;39m [32m INFO[0;39m [35m14365[0;39m [2m---[0;39m [2m[           main][0;39m [36mcom.zaxxer.hikari.HikariDataSource      [0;39m [2m:[0;39m HikariPool-1 - Starting...
[2m2026-03-26T20:46:14.368+05:30[0;39m [32m INFO[0;39m [35m14365[0;39m [2m---[0;39m [2m[           main][0;39m [36mcom.zaxxer.hikari.pool.HikariPool       [0;39m [2m:[0;39m HikariPool-1 - Added connection com.mysql.cj.jdbc.ConnectionImpl@3910fe11
[2m2026-03-26T20:46:14.369+05:30[0;39m [32m INFO[0;39m [35m14365[0;39m [2m---[0;39m [2m[           main][0;39m [36mcom.zaxxer.hikari.HikariDataSource      [0;39m [2m:[0;39m HikariPool-1 - Start completed.
[2m2026-03-26T20:46:14.400+05:30[0;39m [32m INFO[0;39m [35m14365[0;39m [2m---[0;39m [2m[           main][0;39m [36morg.hibernate.orm.dialect               [0;39m [2m:[0;39m HHH035001: Using dialect: org.hibernate.dialect.MySQLDialect, version: 9.5
[2m2026-03-26T20:46:14.579+05:30[0;39m [32m INFO[0;39m [35m14365[0;39m [2m---[0;39m [2m[           main][0;39m [36mo.h.b.i.BytecodeProviderInitiator       [0;39m [2m:[0;39m HHH000021: Bytecode provider name : bytebuddy
[2m2026-03-26T20:46:15.093+05:30[0;39m [32m INFO[0;39m [35m14365[0;39m [2m---[0;39m [2m[           main][0;39m [36mo.h.e.t.j.p.i.JtaPlatformInitiator      [0;39m [2m:[0;39m HHH000490: Using JtaPlatform implementation: [org.hibernate.engine.transaction.jta.platform.internal.NoJtaPlatform]
Hibernate: 
    alter table cities 
       modify column created_at  datetime(6)
Hibernate: 
    alter table daily_game_logs 
       modify column created_at  datetime(6) not null
Hibernate: 
    alter table food_orders 
       modify column created_at  datetime(6)
Hibernate: 
    alter table food_orders 
       modify column delivered_at  datetime(6)
Hibernate: 
    alter table food_orders 
       modify column status  enum ('CANCELLED','CONFIRMED','DELIVERED','PENDING','PREPARING') not null
Hibernate: 
    alter table food_orders 
       modify column updated_at  datetime(6)
Hibernate: 
    alter table game_leaderboard 
       modify column average_score  DECIMAL(10,2) not null
Hibernate: 
    alter table game_leaderboard 
       modify column created_at  datetime(6) not null
Hibernate: 
    alter table game_leaderboard 
       modify column updated_at  datetime(6) not null
Hibernate: 
    alter table game_monthly_leaderboard 
       modify column average_score  float(53) not null
Hibernate: 
    alter table game_monthly_leaderboard 
       modify column updated_at  datetime(6) not null
Hibernate: 
    alter table game_play_logs 
       modify column played_at  datetime(6) not null
Hibernate: 
    alter table game_reward_credits 
       modify column created_at  datetime(6) not null
Hibernate: 
    alter table game_reward_credits 
       modify column expires_at  datetime(6) not null
Hibernate: 
    alter table game_reward_credits 
       modify column last_used_at  datetime(6)
Hibernate: 
    alter table game_reward_credits 
       modify column remaining_amount  float(53) not null
Hibernate: 
    alter table game_reward_credits 
       modify column total_amount  float(53) not null
Hibernate: 
    alter table game_reward_credits 
       modify column updated_at  datetime(6) not null
Hibernate: 
    alter table monthly_game_stats 
       modify column average_score  DECIMAL(10,2) not null
Hibernate: 
    alter table monthly_game_stats 
       modify column updated_at  datetime(6) not null
Hibernate: 
    alter table movie_recommendations 
       modify column created_at  datetime(6)
Hibernate: 
    alter table movie_recommendations 
       modify column updated_at  datetime(6)
Hibernate: 
    alter table movies 
       modify column created_at  datetime(6)
Hibernate: 
    alter table movies 
       modify column genre  enum ('ACTION','ANIMATION','COMEDY','DRAMA','HISTORICAL','ROMANTIC','SOCIAL','SPORTS','THRILLER','WAR')
Hibernate: 
    alter table movies 
       modify column language  enum ('ENGLISH','HINDI','KANNADA','MARATHI','PUNJAB','TAMIL','TELUGU')
Hibernate: 
    alter table movies 
       modify column rating  float(53)
Hibernate: 
    alter table movies 
       modify column updated_at  datetime(6)
Hibernate: 
    alter table parking_lots 
       modify column created_at  datetime(6)
Hibernate: 
    alter table parking_slots 
       modify column vehicle_type  enum ('EV','FOUR_WHEELER','TWO_WHEELER') not null
Hibernate: 
    alter table parking_tickets 
       modify column created_at  datetime(6)
Hibernate: 
    alter table parking_tickets 
       modify column entry_time  datetime(6) not null
Hibernate: 
    alter table parking_tickets 
       modify column exit_time  datetime(6)
Hibernate: 
    alter table parking_tickets 
       modify column status  enum ('ACTIVE','BOOKED','CANCELLED','COMPLETED') not null
Hibernate: 
    alter table parking_tickets 
       modify column updated_at  datetime(6)
Hibernate: 
    alter table parking_tickets 
       modify column vehicle_type  enum ('EV','FOUR_WHEELER','TWO_WHEELER') not null
Hibernate: 
    alter table payment_addons 
       modify column addon_type  enum ('FOOD_BEVERAGE','PARKING') not null
Hibernate: 
    alter table payment_addons 
       modify column amount  float(53) not null
Hibernate: 
    alter table payment_addons 
       modify column created_at  datetime(6)
Hibernate: 
    alter table payment_addons 
       modify column status  enum ('CANCELLED','CONFIRMED','FAILED','SELECTED') not null
Hibernate: 
    alter table payment_addons 
       modify column updated_at  datetime(6)
Hibernate: 
    alter table payments 
       modify column base_amount  float(53) not null
Hibernate: 
    alter table payments 
       modify column card_amount  float(53)
Hibernate: 
    alter table payments 
       modify column completed_at  datetime(6)
Hibernate: 
    alter table payments 
       modify column convenience_fee  float(53) not null
Hibernate: 
    alter table payments 
       modify column created_at  datetime(6)
Hibernate: 
    alter table payments 
       modify column discount_amount  float(53)
Hibernate: 
    alter table payments 
       modify column payable_amount  float(53)
Hibernate: 
    alter table payments 
       modify column payment_method  enum ('CASH','CREDIT_CARD','DEBIT_CARD','NET_BANKING','STRIPE','UPI','WALLET','WALLET_CARD_SPLIT') not null
Hibernate: 
    alter table payments 
       modify column refund_amount  float(53)
Hibernate: 
    alter table payments 
       modify column refunded_at  datetime(6)
Hibernate: 
    alter table payments 
       modify column status  enum ('CANCELLED','FAILED','PENDING','PROCESSING','REFUNDED','SUCCESS') not null
Hibernate: 
    alter table payments 
       modify column tax  float(53) not null
Hibernate: 
    alter table payments 
       modify column temporary_wallet_amount  float(53)
Hibernate: 
    alter table payments 
       modify column total_amount  float(53) not null
Hibernate: 
    alter table payments 
       modify column updated_at  datetime(6)
Hibernate: 
    alter table payments 
       modify column wallet_amount  float(53)
Hibernate: 
    alter table receipts 
       modify column amount  float(53)
Hibernate: 
    alter table receipts 
       modify column generated_at  datetime(6)
Hibernate: 
    alter table receipts 
       modify column qr_code_data  TEXT
Hibernate: 
    alter table receipts 
       modify column qr_expiry_time  datetime(6)
Hibernate: 
    alter table receipts 
       modify column qr_payload  TEXT
Hibernate: 
    alter table receipts 
       modify column receipt_type  enum ('FOOD','PARKING','TICKET') not null
Hibernate: 
    alter table receipts 
       modify column status  enum ('DELIVERED','FAILED','GENERATED','PENDING') not null
Hibernate: 
    alter table receipts 
       modify column updated_at  datetime(6)
Hibernate: 
    alter table refund_rules 
       modify column created_at  datetime(6)
Hibernate: 
    alter table refund_rules 
       modify column updated_at  datetime(6)
Hibernate: 
    alter table seat_locks 
       modify column created_at  datetime(6)
Hibernate: 
    alter table seat_locks 
       modify column expiry_time  datetime(6) not null
Hibernate: 
    alter table seat_locks 
       modify column lock_time  datetime(6) not null
Hibernate: 
    alter table seat_locks 
       modify column status  enum ('CONFIRMED','LOCKED','RELEASED') not null
Hibernate: 
    alter table seat_locks 
       modify column updated_at  datetime(6)
Hibernate: 
    alter table show_seats 
       modify column seat_type  enum ('CLASSIC','COUPLE','GOLD','PREMIUM','SILVER') not null
Hibernate: 
    alter table shows 
       modify column created_at  datetime(6)
Hibernate: 
    alter table shows 
       modify column time  time(6) not null
Hibernate: 
    alter table spin_payments 
       modify column created_at  datetime(6) not null
Hibernate: 
    alter table spin_payments 
       modify column payment_method  enum ('CASH','CREDIT_CARD','DEBIT_CARD','NET_BANKING','STRIPE','UPI','WALLET','WALLET_CARD_SPLIT') not null
Hibernate: 
    alter table spin_transactions 
       modify column created_at  datetime(6) not null
Hibernate: 
    alter table static_pages 
       modify column content  TEXT not null
Hibernate: 
    alter table static_pages 
       modify column created_at  datetime(6)
Hibernate: 
    alter table static_pages 
       modify column updated_at  datetime(6)
Hibernate: 
    alter table temporary_wallet 
       modify column created_at  datetime(6) not null
Hibernate: 
    alter table temporary_wallet 
       modify column earned_at  datetime(6) not null
Hibernate: 
    alter table temporary_wallet 
       modify column expires_at  datetime(6) not null
Hibernate: 
    alter table temporary_wallet 
       modify column used_at  datetime(6)
Hibernate: 
    alter table temporary_wallet_credits 
       modify column created_at  datetime(6) not null
Hibernate: 
    alter table temporary_wallet_credits 
       modify column expires_at  datetime(6) not null
Hibernate: 
    alter table temporary_wallet_credits 
       modify column last_used_at  datetime(6)
Hibernate: 
    alter table temporary_wallet_credits 
       modify column remaining_amount  float(53) not null
Hibernate: 
    alter table temporary_wallet_credits 
       modify column total_amount  float(53) not null
Hibernate: 
    alter table temporary_wallet_credits 
       modify column updated_at  datetime(6) not null
Hibernate: 
    alter table theater_seats 
       modify column seat_type  enum ('CLASSIC','COUPLE','GOLD','PREMIUM','SILVER') not null
Hibernate: 
    alter table theaters 
       modify column created_at  datetime(6)
Hibernate: 
    alter table tickets 
       modify column booked_at  datetime(6)
Hibernate: 
    alter table tickets 
       modify column cancelled_at  datetime(6)
Hibernate: 
    alter table tickets 
       modify column qr_code_data  TEXT
Hibernate: 
    alter table tickets 
       modify column qr_expiry_time  datetime(6)
Hibernate: 
    alter table tickets 
       modify column qr_payload  TEXT
Hibernate: 
    alter table tickets 
       modify column refund_amount  float(53)
Hibernate: 
    alter table tickets 
       modify column status  enum ('BOOKED','CANCELLED') not null
Hibernate: 
    alter table user_extra_spins 
       modify column created_at  datetime(6) not null
Hibernate: 
    alter table user_extra_spins 
       modify column updated_at  datetime(6) not null
Hibernate: 
    alter table user_wallets 
       modify column balance  float(53) not null
Hibernate: 
    alter table user_wallets 
       modify column created_at  datetime(6)
Hibernate: 
    alter table user_wallets 
       modify column last_credited_at  datetime(6)
Hibernate: 
    alter table user_wallets 
       modify column last_debited_at  datetime(6)
Hibernate: 
    alter table user_wallets 
       modify column updated_at  datetime(6)
Hibernate: 
    alter table users 
       modify column created_at  datetime(6)
Hibernate: 
    alter table users 
       modify column gender  enum ('FEMALE','MALE','OTHER')
Hibernate: 
    alter table users 
       modify column role  enum ('ADMIN','THEATER_OWNER','USER') not null
Hibernate: 
    alter table users 
       modify column updated_at  datetime(6)
Hibernate: 
    alter table users 
       modify column wallet_balance  float(53) not null
Hibernate: 
    alter table wallet_transactions 
       modify column amount  float(53) not null
Hibernate: 
    alter table wallet_transactions 
       modify column balance_after  float(53) not null
Hibernate: 
    alter table wallet_transactions 
       modify column balance_before  float(53) not null
Hibernate: 
    alter table wallet_transactions 
       modify column created_at  datetime(6) not null
Hibernate: 
    alter table wallet_transactions 
       modify column transaction_type  enum ('CREDIT','DEBIT','REFUND') not null
[2m2026-03-26T20:46:15.835+05:30[0;39m [32m INFO[0;39m [35m14365[0;39m [2m---[0;39m [2m[           main][0;39m [36mj.LocalContainerEntityManagerFactoryBean[0;39m [2m:[0;39m Initialized JPA EntityManagerFactory for persistence unit 'default'
[2m2026-03-26T20:46:16.181+05:30[0;39m [32m INFO[0;39m [35m14365[0;39m [2m---[0;39m [2m[           main][0;39m [36mo.s.d.j.r.query.QueryEnhancerFactory    [0;39m [2m:[0;39m Hibernate is in classpath; If applicable, HQL parser will be used.
[2m2026-03-26T20:46:17.407+05:30[0;39m [33m WARN[0;39m [35m14365[0;39m [2m---[0;39m [2m[           main][0;39m [36mJpaBaseConfiguration$JpaWebConfiguration[0;39m [2m:[0;39m spring.jpa.open-in-view is enabled by default. Therefore, database queries may be performed during view rendering. Explicitly configure spring.jpa.open-in-view to disable this warning
[2m2026-03-26T20:46:17.935+05:30[0;39m [32m INFO[0;39m [35m14365[0;39m [2m---[0;39m [2m[           main][0;39m [36mo.s.s.web.DefaultSecurityFilterChain    [0;39m [2m:[0;39m Will secure any request with [org.springframework.security.web.session.DisableEncodeUrlFilter@7053b64b, org.springframework.security.web.context.request.async.WebAsyncManagerIntegrationFilter@7f5b0926, org.springframework.security.web.context.SecurityContextHolderFilter@556a5e70, org.springframework.security.web.header.HeaderWriterFilter@483f19c0, org.springframework.web.filter.CorsFilter@6eac71db, org.springframework.security.web.authentication.logout.LogoutFilter@8c54f48, com.driver.bookMyShow.Security.JwtAuthenticationFilter@7eae55, org.springframework.security.web.savedrequest.RequestCacheAwareFilter@296a350, org.springframework.security.web.servletapi.SecurityContextHolderAwareRequestFilter@4f3a8e3e, org.springframework.security.web.authentication.AnonymousAuthenticationFilter@48a32c4f, org.springframework.security.web.session.SessionManagementFilter@445adbd7, org.springframework.security.web.access.ExceptionTranslationFilter@651bec9a, org.springframework.security.web.access.intercept.AuthorizationFilter@6f13ed1]
[2m2026-03-26T20:46:18.110+05:30[0;39m [32m INFO[0;39m [35m14365[0;39m [2m---[0;39m [2m[           main][0;39m [36mo.s.b.w.embedded.tomcat.TomcatWebServer [0;39m [2m:[0;39m Tomcat started on port(s): 8080 (http) with context path ''
[2m2026-03-26T20:46:18.118+05:30[0;39m [32m INFO[0;39m [35m14365[0;39m [2m---[0;39m [2m[           main][0;39m [36mc.d.bookMyShow.BookMyShowApplication    [0;39m [2m:[0;39m Started BookMyShowApplication in 5.558 seconds (process running for 5.818)
Hibernate: 
    select
        count(*) 
    from
        movies m1_0
Hibernate: 
    select
        p1_0.id,
        p1_0.amount_paid,
        p1_0.created_at,
        p1_0.entry_time,
        p1_0.exit_time,
        p1_0.movie_ticket_id,
        p1_0.parking_slot_id,
        p1_0.status,
        p1_0.ticket_number,
        p1_0.updated_at,
        p1_0.vehicle_number,
        p1_0.vehicle_type 
    from
        parking_tickets p1_0 
    where
        p1_0.status=? 
        and p1_0.created_at<?
Hibernate: 
    select
        count(*) 
    from
        theaters t1_0
Hibernate: 
    select
        u1_0.id,
        u1_0.address,
        u1_0.age,
        u1_0.city_id,
        u1_0.created_at,
        u1_0.email_id,
        u1_0.gender,
        u1_0.is_active,
        u1_0.mobile_no,
        u1_0.name,
        u1_0.password,
        u1_0.role,
        u1_0.updated_at,
        u1_0.wallet_balance 
    from
        users u1_0 
    where
        u1_0.email_id=?
Hibernate: 
    update
        seat_locks 
    set
        status='RELEASED' 
    where
        status='LOCKED' 
        and expiry_time<=?
✅ Reset Main Admin password: admin@gmail.com
Hibernate: 
    update
        users 
    set
        address=?,
        age=?,
        city_id=?,
        email_id=?,
        gender=?,
        is_active=?,
        mobile_no=?,
        name=?,
        password=?,
        role=?,
        updated_at=?,
        wallet_balance=? 
    where
        id=?
Hibernate: 
    select
        u1_0.id,
        u1_0.address,
        u1_0.age,
        u1_0.city_id,
        u1_0.created_at,
        u1_0.email_id,
        u1_0.gender,
        u1_0.is_active,
        u1_0.mobile_no,
        u1_0.name,
        u1_0.password,
        u1_0.role,
        u1_0.updated_at,
        u1_0.wallet_balance 
    from
        users u1_0 
    where
        u1_0.email_id=?
✅ Reset Theatre Admin password: tadmin@gmail.com
Hibernate: 
    select
        t1_0.id,
        t1_0.address,
        t1_0.admin_id,
        t1_0.city_id,
        t1_0.city,
        t1_0.created_at,
        t1_0.name 
    from
        theaters t1_0
Hibernate: 
    select
        c1_0.id,
        c1_0.country,
        c1_0.created_at,
        c1_0.name,
        c1_0.state 
    from
        cities c1_0 
    where
        c1_0.id=?
Hibernate: 
    select
        c1_0.id,
        c1_0.country,
        c1_0.created_at,
        c1_0.name,
        c1_0.state 
    from
        cities c1_0 
    where
        c1_0.id=?
Hibernate: 
    select
        c1_0.id,
        c1_0.country,
        c1_0.created_at,
        c1_0.name,
        c1_0.state 
    from
        cities c1_0 
    where
        c1_0.id=?
Hibernate: 
    select
        c1_0.id,
        c1_0.country,
        c1_0.created_at,
        c1_0.name,
        c1_0.state 
    from
        cities c1_0 
    where
        c1_0.id=?
Hibernate: 
    select
        c1_0.id,
        c1_0.country,
        c1_0.created_at,
        c1_0.name,
        c1_0.state 
    from
        cities c1_0 
    where
        c1_0.id=?
Hibernate: 
    select
        c1_0.id,
        c1_0.country,
        c1_0.created_at,
        c1_0.name,
        c1_0.state 
    from
        cities c1_0 
    where
        c1_0.id=?
Hibernate: 
    select
        c1_0.id,
        c1_0.country,
        c1_0.created_at,
        c1_0.name,
        c1_0.state 
    from
        cities c1_0 
    where
        c1_0.id=?
Hibernate: 
    select
        c1_0.id,
        c1_0.country,
        c1_0.created_at,
        c1_0.name,
        c1_0.state 
    from
        cities c1_0 
    where
        c1_0.id=?
Hibernate: 
    update
        users 
    set
        address=?,
        age=?,
        city_id=?,
        email_id=?,
        gender=?,
        is_active=?,
        mobile_no=?,
        name=?,
        password=?,
        role=?,
        updated_at=?,
        wallet_balance=? 
    where
        id=?
Hibernate: 
    select
        u1_0.id,
        u1_0.address,
        u1_0.age,
        u1_0.city_id,
        u1_0.created_at,
        u1_0.email_id,
        u1_0.gender,
        u1_0.is_active,
        u1_0.mobile_no,
        u1_0.name,
        u1_0.password,
        u1_0.role,
        u1_0.updated_at,
        u1_0.wallet_balance 
    from
        users u1_0 
    where
        u1_0.email_id=?
Hibernate: 
    select
        count(*) 
    from
        users u1_0
Hibernate: 
    select
        count(*) 
    from
        shows s1_0
Hibernate: 
    select
        s1_0.show_id,
        s1_0.created_at,
        s1_0.date,
        s1_0.movie_id,
        s1_0.theater_id,
        s1_0.time 
    from
        shows s1_0
Hibernate: 
    select
        m1_0.id,
        m1_0.cast,
        m1_0.created_at,
        m1_0.description,
        m1_0.director,
        m1_0.duration,
        m1_0.genre,
        m1_0.language,
        m1_0.movie_name,
        m1_0.now_showing,
        m1_0.poster_url,
        m1_0.rating,
        m1_0.release_date,
        m1_0.trailer_url,
        m1_0.updated_at 
    from
        movies m1_0 
    where
        m1_0.id=?
Hibernate: 
    select
        m1_0.id,
        m1_0.cast,
        m1_0.created_at,
        m1_0.description,
        m1_0.director,
        m1_0.duration,
        m1_0.genre,
        m1_0.language,
        m1_0.movie_name,
        m1_0.now_showing,
        m1_0.poster_url,
        m1_0.rating,
        m1_0.release_date,
        m1_0.trailer_url,
        m1_0.updated_at 
    from
        movies m1_0 
    where
        m1_0.id=?
Hibernate: 
    select
        m1_0.id,
        m1_0.cast,
        m1_0.created_at,
        m1_0.description,
        m1_0.director,
        m1_0.duration,
        m1_0.genre,
        m1_0.language,
        m1_0.movie_name,
        m1_0.now_showing,
        m1_0.poster_url,
        m1_0.rating,
        m1_0.release_date,
        m1_0.trailer_url,
        m1_0.updated_at 
    from
        movies m1_0 
    where
        m1_0.id=?
Hibernate: 
    select
        m1_0.id,
        m1_0.cast,
        m1_0.created_at,
        m1_0.description,
        m1_0.director,
        m1_0.duration,
        m1_0.genre,
        m1_0.language,
        m1_0.movie_name,
        m1_0.now_showing,
        m1_0.poster_url,
        m1_0.rating,
        m1_0.release_date,
        m1_0.trailer_url,
        m1_0.updated_at 
    from
        movies m1_0 
    where
        m1_0.id=?
Hibernate: 
    select
        m1_0.id,
        m1_0.cast,
        m1_0.created_at,
        m1_0.description,
        m1_0.director,
        m1_0.duration,
        m1_0.genre,
        m1_0.language,
        m1_0.movie_name,
        m1_0.now_showing,
        m1_0.poster_url,
        m1_0.rating,
        m1_0.release_date,
        m1_0.trailer_url,
        m1_0.updated_at 
    from
        movies m1_0 
    where
        m1_0.id=?
Hibernate: 
    select
        m1_0.id,
        m1_0.cast,
        m1_0.created_at,
        m1_0.description,
        m1_0.director,
        m1_0.duration,
        m1_0.genre,
        m1_0.language,
        m1_0.movie_name,
        m1_0.now_showing,
        m1_0.poster_url,
        m1_0.rating,
        m1_0.release_date,
        m1_0.trailer_url,
        m1_0.updated_at 
    from
        movies m1_0 
    where
        m1_0.id=?
Hibernate: 
    select
        m1_0.id,
        m1_0.cast,
        m1_0.created_at,
        m1_0.description,
        m1_0.director,
        m1_0.duration,
        m1_0.genre,
        m1_0.language,
        m1_0.movie_name,
        m1_0.now_showing,
        m1_0.poster_url,
        m1_0.rating,
        m1_0.release_date,
        m1_0.trailer_url,
        m1_0.updated_at 
    from
        movies m1_0 
    where
        m1_0.id=?
Hibernate: 
    select
        m1_0.id,
        m1_0.cast,
        m1_0.created_at,
        m1_0.description,
        m1_0.director,
        m1_0.duration,
        m1_0.genre,
        m1_0.language,
        m1_0.movie_name,
        m1_0.now_showing,
        m1_0.poster_url,
        m1_0.rating,
        m1_0.release_date,
        m1_0.trailer_url,
        m1_0.updated_at 
    from
        movies m1_0 
    where
        m1_0.id=?
Hibernate: 
    select
        m1_0.id,
        m1_0.cast,
        m1_0.created_at,
        m1_0.description,
        m1_0.director,
        m1_0.duration,
        m1_0.genre,
        m1_0.language,
        m1_0.movie_name,
        m1_0.now_showing,
        m1_0.poster_url,
        m1_0.rating,
        m1_0.release_date,
        m1_0.trailer_url,
        m1_0.updated_at 
    from
        movies m1_0 
    where
        m1_0.id=?
Hibernate: 
    select
        m1_0.id,
        m1_0.cast,
        m1_0.created_at,
        m1_0.description,
        m1_0.director,
        m1_0.duration,
        m1_0.genre,
        m1_0.language,
        m1_0.movie_name,
        m1_0.now_showing,
        m1_0.poster_url,
        m1_0.rating,
        m1_0.release_date,
        m1_0.trailer_url,
        m1_0.updated_at 
    from
        movies m1_0 
    where
        m1_0.id=?
Hibernate: 
    select
        m1_0.id,
        m1_0.cast,
        m1_0.created_at,
        m1_0.description,
        m1_0.director,
        m1_0.duration,
        m1_0.genre,
        m1_0.language,
        m1_0.movie_name,
        m1_0.now_showing,
        m1_0.poster_url,
        m1_0.rating,
        m1_0.release_date,
        m1_0.trailer_url,
        m1_0.updated_at 
    from
        movies m1_0 
    where
        m1_0.id=?
Hibernate: 
    select
        m1_0.id,
        m1_0.cast,
        m1_0.created_at,
        m1_0.description,
        m1_0.director,
        m1_0.duration,
        m1_0.genre,
        m1_0.language,
        m1_0.movie_name,
        m1_0.now_showing,
        m1_0.poster_url,
        m1_0.rating,
        m1_0.release_date,
        m1_0.trailer_url,
        m1_0.updated_at 
    from
        movies m1_0 
    where
        m1_0.id=?
Hibernate: 
    select
        m1_0.id,
        m1_0.cast,
        m1_0.created_at,
        m1_0.description,
        m1_0.director,
        m1_0.duration,
        m1_0.genre,
        m1_0.language,
        m1_0.movie_name,
        m1_0.now_showing,
        m1_0.poster_url,
        m1_0.rating,
        m1_0.release_date,
        m1_0.trailer_url,
        m1_0.updated_at 
    from
        movies m1_0 
    where
        m1_0.id=?
Hibernate: 
    select
        m1_0.id,
        m1_0.cast,
        m1_0.created_at,
        m1_0.description,
        m1_0.director,
        m1_0.duration,
        m1_0.genre,
        m1_0.language,
        m1_0.movie_name,
        m1_0.now_showing,
        m1_0.poster_url,
        m1_0.rating,
        m1_0.release_date,
        m1_0.trailer_url,
        m1_0.updated_at 
    from
        movies m1_0 
    where
        m1_0.id=?
Hibernate: 
    select
        m1_0.id,
        m1_0.cast,
        m1_0.created_at,
        m1_0.description,
        m1_0.director,
        m1_0.duration,
        m1_0.genre,
        m1_0.language,
        m1_0.movie_name,
        m1_0.now_showing,
        m1_0.poster_url,
        m1_0.rating,
        m1_0.release_date,
        m1_0.trailer_url,
        m1_0.updated_at 
    from
        movies m1_0 
    where
        m1_0.id=?
Hibernate: 
    select
        m1_0.id,
        m1_0.cast,
        m1_0.created_at,
        m1_0.description,
        m1_0.director,
        m1_0.duration,
        m1_0.genre,
        m1_0.language,
        m1_0.movie_name,
        m1_0.now_showing,
        m1_0.poster_url,
        m1_0.rating,
        m1_0.release_date,
        m1_0.trailer_url,
        m1_0.updated_at 
    from
        movies m1_0 
    where
        m1_0.id=?
Hibernate: 
    select
        m1_0.id,
        m1_0.cast,
        m1_0.created_at,
        m1_0.description,
        m1_0.director,
        m1_0.duration,
        m1_0.genre,
        m1_0.language,
        m1_0.movie_name,
        m1_0.now_showing,
        m1_0.poster_url,
        m1_0.rating,
        m1_0.release_date,
        m1_0.trailer_url,
        m1_0.updated_at 
    from
        movies m1_0 
    where
        m1_0.id=?
Hibernate: 
    select
        m1_0.id,
        m1_0.cast,
        m1_0.created_at,
        m1_0.description,
        m1_0.director,
        m1_0.duration,
        m1_0.genre,
        m1_0.language,
        m1_0.movie_name,
        m1_0.now_showing,
        m1_0.poster_url,
        m1_0.rating,
        m1_0.release_date,
        m1_0.trailer_url,
        m1_0.updated_at 
    from
        movies m1_0 
    where
        m1_0.id=?
Hibernate: 
    select
        m1_0.id,
        m1_0.cast,
        m1_0.created_at,
        m1_0.description,
        m1_0.director,
        m1_0.duration,
        m1_0.genre,
        m1_0.language,
        m1_0.movie_name,
        m1_0.now_showing,
        m1_0.poster_url,
        m1_0.rating,
        m1_0.release_date,
        m1_0.trailer_url,
        m1_0.updated_at 
    from
        movies m1_0 
    where
        m1_0.id=?
Hibernate: 
    select
        m1_0.id,
        m1_0.cast,
        m1_0.created_at,
        m1_0.description,
        m1_0.director,
        m1_0.duration,
        m1_0.genre,
        m1_0.language,
        m1_0.movie_name,
        m1_0.now_showing,
        m1_0.poster_url,
        m1_0.rating,
        m1_0.release_date,
        m1_0.trailer_url,
        m1_0.updated_at 
    from
        movies m1_0 
    where
        m1_0.id=?
Hibernate: 
    select
        count(*) 
    from
        tickets t1_0
Hibernate: 
    select
        count(*) 
    from
        food_items f1_0
[2m2026-03-26T20:46:23.633+05:30[0;39m [32m INFO[0;39m [35m14365[0;39m [2m---[0;39m [2m[nio-8080-exec-2][0;39m [36mo.a.c.c.C.[Tomcat].[localhost].[/]      [0;39m [2m:[0;39m Initializing Spring DispatcherServlet 'dispatcherServlet'
[2m2026-03-26T20:46:23.633+05:30[0;39m [32m INFO[0;39m [35m14365[0;39m [2m---[0;39m [2m[nio-8080-exec-2][0;39m [36mo.s.web.servlet.DispatcherServlet       [0;39m [2m:[0;39m Initializing Servlet 'dispatcherServlet'
[2m2026-03-26T20:46:23.634+05:30[0;39m [32m INFO[0;39m [35m14365[0;39m [2m---[0;39m [2m[nio-8080-exec-2][0;39m [36mo.s.web.servlet.DispatcherServlet       [0;39m [2m:[0;39m Completed initialization in 1 ms
[2m2026-03-26T20:46:23.665+05:30[0;39m [32m INFO[0;39m [35m14365[0;39m [2m---[0;39m [2m[nio-8080-exec-2][0;39m [36mc.d.b.Services.UserWalletService        [0;39m [2m:[0;39m [GET_BALANCE] Fetching wallet balance for userId=3
[2m2026-03-26T20:46:23.665+05:30[0;39m [32m INFO[0;39m [35m14365[0;39m [2m---[0;39m [2m[nio-8080-exec-2][0;39m [36mc.d.b.Services.UserWalletService        [0;39m [2m:[0;39m [GET_OR_CREATE_WALLET] userId=3
Hibernate: 
    select
        u1_0.id,
        u1_0.address,
        u1_0.age,
        u1_0.city_id,
        u1_0.created_at,
        u1_0.email_id,
        u1_0.gender,
        u1_0.is_active,
        u1_0.mobile_no,
        u1_0.name,
        u1_0.password,
        u1_0.role,
        u1_0.updated_at,
        u1_0.wallet_balance 
    from
        users u1_0 
    where
        u1_0.id=?
Hibernate: 
    select
        u1_0.id,
        u1_0.balance,
        u1_0.created_at,
        u1_0.last_credited_at,
        u1_0.last_debited_at,
        u1_0.updated_at,
        u1_0.user_id,
        u1_0.version 
    from
        user_wallets u1_0 
    where
        u1_0.user_id=?
[2m2026-03-26T20:46:23.673+05:30[0;39m [32m INFO[0;39m [35m14365[0;39m [2m---[0;39m [2m[nio-8080-exec-2][0;39m [36mc.d.b.Services.UserWalletService        [0;39m [2m:[0;39m [WALLET_EXISTS] userId=3, balance=7959.3375
[2m2026-03-26T20:46:23.673+05:30[0;39m [32m INFO[0;39m [35m14365[0;39m [2m---[0;39m [2m[nio-8080-exec-2][0;39m [36mc.d.b.Services.UserWalletService        [0;39m [2m:[0;39m [GET_BALANCE] userId=3, balance=7959.3375
[2m2026-03-26T20:46:23.673+05:30[0;39m [32m INFO[0;39m [35m14365[0;39m [2m---[0;39m [2m[nio-8080-exec-2][0;39m [36mc.d.b.Controllers.WalletController      [0;39m [2m:[0;39m 💳 Main wallet balance for user 3: ₹7959.3375
Hibernate: 
    select
        coalesce(sum(t1_0.amount),0) 
    from
        temporary_wallet t1_0 
    where
        t1_0.user_id=? 
        and t1_0.is_expired=0 
        and t1_0.is_used=0
[2m2026-03-26T20:46:23.677+05:30[0;39m [32m INFO[0;39m [35m14365[0;39m [2m---[0;39m [2m[nio-8080-exec-2][0;39m [36mc.d.b.Controllers.WalletController      [0;39m [2m:[0;39m 🎁 Temporary wallet balance for user 3: ₹1500.0
[2m2026-03-26T20:46:23.677+05:30[0;39m [32m INFO[0;39m [35m14365[0;39m [2m---[0;39m [2m[nio-8080-exec-2][0;39m [36mc.d.b.Controllers.WalletController      [0;39m [2m:[0;39m 🔄 Consolidated balance for user 3: ₹9459.3375 (Main: ₹7959.3375 + Temp: ₹1500.0)
Hibernate: 
    select
        s1_0.id,
        s1_0.created_at,
        s1_0.reward_amount,
        s1_0.spin_date,
        s1_0.transaction_id,
        s1_0.used_extra_spin,
        s1_0.user_id 
    from
        spin_transactions s1_0 
    where
        s1_0.user_id=? 
    order by
        s1_0.spin_date desc limit 1
Hibernate: 
    select
        s1_0.id,
        s1_0.created_at,
        s1_0.reward_amount,
        s1_0.spin_date,
        s1_0.transaction_id,
        s1_0.used_extra_spin,
        s1_0.user_id 
    from
        spin_transactions s1_0 
    where
        s1_0.user_id=? 
    order by
        s1_0.spin_date desc limit 1
Hibernate: 
    select
        s1_0.id,
        s1_0.created_at,
        s1_0.reward_amount,
        s1_0.spin_date,
        s1_0.transaction_id,
        s1_0.used_extra_spin,
        s1_0.user_id 
    from
        spin_transactions s1_0 
    where
        s1_0.user_id=? 
    order by
        s1_0.spin_date desc limit 1
Hibernate: 
    select
        s1_0.id,
        s1_0.created_at,
        s1_0.reward_amount,
        s1_0.spin_date,
        s1_0.transaction_id,
        s1_0.used_extra_spin,
        s1_0.user_id 
    from
        spin_transactions s1_0 
    where
        s1_0.user_id=? 
    order by
        s1_0.spin_date desc limit 1
[2m2026-03-26T20:47:25.045+05:30[0;39m [31mERROR[0;39m [35m14365[0;39m [2m---[0;39m [2m[nio-8080-exec-5][0;39m [36mc.d.b.Security.JwtAuthenticationFilter  [0;39m [2m:[0;39m Error extracting username from JWT: JWT expired at 2026-03-25T21:19:05Z. Current time: 2026-03-26T15:17:25Z, a difference of 64700044 milliseconds.  Allowed clock skew: 0 milliseconds.
Hibernate: 
    select
        c1_0.id,
        c1_0.country,
        c1_0.created_at,
        c1_0.name,
        c1_0.state 
    from
        cities c1_0
[2m2026-03-26T20:47:25.397+05:30[0;39m [31mERROR[0;39m [35m14365[0;39m [2m---[0;39m [2m[nio-8080-exec-8][0;39m [36mc.d.b.Security.JwtAuthenticationFilter  [0;39m [2m:[0;39m Error extracting username from JWT: JWT expired at 2026-03-25T21:19:05Z. Current time: 2026-03-26T15:17:25Z, a difference of 64700397 milliseconds.  Allowed clock skew: 0 milliseconds.
Hibernate: 
    select
        c1_0.id,
        c1_0.country,
        c1_0.created_at,
        c1_0.name,
        c1_0.state 
    from
        cities c1_0
Hibernate: 
    select
        t1_0.id,
        t1_0.amount,
        t1_0.created_at,
        t1_0.earned_at,
        t1_0.expires_at,
        t1_0.is_expired,
        t1_0.is_used,
        t1_0.source_type,
        t1_0.used_at,
        t1_0.user_id 
    from
        temporary_wallet t1_0 
    where
        t1_0.user_id=? 
    order by
        t1_0.created_at desc
Hibernate: 
    select
        case 
            when count(s1_0.id)>0 then 1 
            else 0 
        end 
    from
        spin_transactions s1_0 
    where
        s1_0.user_id=? 
        and s1_0.spin_date=current_date
Hibernate: 
    select
        u1_0.id,
        u1_0.balance,
        u1_0.created_at,
        u1_0.updated_at,
        u1_0.user_id 
    from
        user_extra_spins u1_0 
    where
        u1_0.user_id=?
[2m2026-03-26T20:47:25.409+05:30[0;39m [31mERROR[0;39m [35m14365[0;39m [2m---[0;39m [2m[nio-8080-exec-9][0;39m [36mc.d.b.Security.JwtAuthenticationFilter  [0;39m [2m:[0;39m Error extracting username from JWT: JWT expired at 2026-03-25T21:19:05Z. Current time: 2026-03-26T15:17:25Z, a difference of 64700409 milliseconds.  Allowed clock skew: 0 milliseconds.
Hibernate: 
    select
        c1_0.id,
        c1_0.country,
        c1_0.created_at,
        c1_0.name,
        c1_0.state 
    from
        cities c1_0
Hibernate: 
    select
        s1_0.id,
        s1_0.created_at,
        s1_0.reward_amount,
        s1_0.spin_date,
        s1_0.transaction_id,
        s1_0.used_extra_spin,
        s1_0.user_id 
    from
        spin_transactions s1_0 
    where
        s1_0.user_id=? 
    order by
        s1_0.spin_date desc limit 1
Hibernate: 
    select
        case 
            when count(s1_0.id)>0 then 1 
            else 0 
        end 
    from
        spin_transactions s1_0 
    where
        s1_0.user_id=? 
        and s1_0.spin_date=current_date
Hibernate: 
    select
        u1_0.id,
        u1_0.balance,
        u1_0.created_at,
        u1_0.updated_at,
        u1_0.user_id 
    from
        user_extra_spins u1_0 
    where
        u1_0.user_id=?
Hibernate: 
    select
        s1_0.id,
        s1_0.created_at,
        s1_0.reward_amount,
        s1_0.spin_date,
        s1_0.transaction_id,
        s1_0.used_extra_spin,
        s1_0.user_id 
    from
        spin_transactions s1_0 
    where
        s1_0.user_id=? 
    order by
        s1_0.spin_date desc limit 1
[2m2026-03-26T20:47:27.897+05:30[0;39m [31mERROR[0;39m [35m14365[0;39m [2m---[0;39m [2m[nio-8080-exec-2][0;39m [36mc.d.b.Security.JwtAuthenticationFilter  [0;39m [2m:[0;39m Error extracting username from JWT: JWT expired at 2026-03-25T21:19:05Z. Current time: 2026-03-26T15:17:27Z, a difference of 64702896 milliseconds.  Allowed clock skew: 0 milliseconds.
Hibernate: 
    select
        c1_0.id,
        c1_0.country,
        c1_0.created_at,
        c1_0.name,
        c1_0.state 
    from
        cities c1_0
Hibernate: 
    select
        s1_0.id,
        s1_0.created_at,
        s1_0.reward_amount,
        s1_0.spin_date,
        s1_0.transaction_id,
        s1_0.used_extra_spin,
        s1_0.user_id 
    from
        spin_transactions s1_0 
    where
        s1_0.user_id=? 
    order by
        s1_0.spin_date desc limit 1
Hibernate: 
    select
        s1_0.id,
        s1_0.created_at,
        s1_0.reward_amount,
        s1_0.spin_date,
        s1_0.transaction_id,
        s1_0.used_extra_spin,
        s1_0.user_id 
    from
        spin_transactions s1_0 
    where
        s1_0.user_id=? 
    order by
        s1_0.spin_date desc limit 1
[2m2026-03-26T20:47:28.323+05:30[0;39m [31mERROR[0;39m [35m14365[0;39m [2m---[0;39m [2m[nio-8080-exec-3][0;39m [36mc.d.b.Security.JwtAuthenticationFilter  [0;39m [2m:[0;39m Error extracting username from JWT: JWT expired at 2026-03-25T21:19:05Z. Current time: 2026-03-26T15:17:28Z, a difference of 64703322 milliseconds.  Allowed clock skew: 0 milliseconds.
Hibernate: 
    select
        c1_0.id,
        c1_0.country,
        c1_0.created_at,
        c1_0.name,
        c1_0.state 
    from
        cities c1_0
[2m2026-03-26T20:47:28.332+05:30[0;39m [31mERROR[0;39m [35m14365[0;39m [2m---[0;39m [2m[nio-8080-exec-4][0;39m [36mc.d.b.Security.JwtAuthenticationFilter  [0;39m [2m:[0;39m Error extracting username from JWT: JWT expired at 2026-03-25T21:19:05Z. Current time: 2026-03-26T15:17:28Z, a difference of 64703332 milliseconds.  Allowed clock skew: 0 milliseconds.
Hibernate: 
    select
        c1_0.id,
        c1_0.country,
        c1_0.created_at,
        c1_0.name,
        c1_0.state 
    from
        cities c1_0
[2m2026-03-26T20:47:34.070+05:30[0;39m [31mERROR[0;39m [35m14365[0;39m [2m---[0;39m [2m[nio-8080-exec-5][0;39m [36mc.d.b.Security.JwtAuthenticationFilter  [0;39m [2m:[0;39m Error extracting username from JWT: JWT expired at 2026-03-25T21:19:05Z. Current time: 2026-03-26T15:17:34Z, a difference of 64709070 milliseconds.  Allowed clock skew: 0 milliseconds.
Hibernate: 
    select
        c1_0.id,
        c1_0.country,
        c1_0.created_at,
        c1_0.name,
        c1_0.state 
    from
        cities c1_0
[2m2026-03-26T20:47:34.447+05:30[0;39m [31mERROR[0;39m [35m14365[0;39m [2m---[0;39m [2m[nio-8080-exec-9][0;39m [36mc.d.b.Security.JwtAuthenticationFilter  [0;39m [2m:[0;39m Error extracting username from JWT: JWT expired at 2026-03-25T21:19:05Z. Current time: 2026-03-26T15:17:34Z, a difference of 64709447 milliseconds.  Allowed clock skew: 0 milliseconds.
[2m2026-03-26T20:47:34.448+05:30[0;39m [31mERROR[0;39m [35m14365[0;39m [2m---[0;39m [2m[nio-8080-exec-7][0;39m [36mc.d.b.Security.JwtAuthenticationFilter  [0;39m [2m:[0;39m Error extracting username from JWT: JWT expired at 2026-03-25T21:19:05Z. Current time: 2026-03-26T15:17:34Z, a difference of 64709447 milliseconds.  Allowed clock skew: 0 milliseconds.
[2m2026-03-26T20:47:34.448+05:30[0;39m [31mERROR[0;39m [35m14365[0;39m [2m---[0;39m [2m[io-8080-exec-10][0;39m [36mc.d.b.Security.JwtAuthenticationFilter  [0;39m [2m:[0;39m Error extracting username from JWT: JWT expired at 2026-03-25T21:19:05Z. Current time: 2026-03-26T15:17:34Z, a difference of 64709448 milliseconds.  Allowed clock skew: 0 milliseconds.
[2m2026-03-26T20:47:34.451+05:30[0;39m [31mERROR[0;39m [35m14365[0;39m [2m---[0;39m [2m[nio-8080-exec-6][0;39m [36mc.d.b.Security.JwtAuthenticationFilter  [0;39m [2m:[0;39m Error extracting username from JWT: JWT expired at 2026-03-25T21:19:05Z. Current time: 2026-03-26T15:17:34Z, a difference of 64709451 milliseconds.  Allowed clock skew: 0 milliseconds.
[2m2026-03-26T20:47:34.451+05:30[0;39m [31mERROR[0;39m [35m14365[0;39m [2m---[0;39m [2m[nio-8080-exec-8][0;39m [36mc.d.b.Security.JwtAuthenticationFilter  [0;39m [2m:[0;39m Error extracting username from JWT: JWT expired at 2026-03-25T21:19:05Z. Current time: 2026-03-26T15:17:34Z, a difference of 64709451 milliseconds.  Allowed clock skew: 0 milliseconds.
Hibernate: 
    select
        c1_0.id,
        c1_0.country,
        c1_0.created_at,
        c1_0.name,
        c1_0.state 
    from
        cities c1_0
[2m2026-03-26T20:47:34.464+05:30[0;39m [31mERROR[0;39m [35m14365[0;39m [2m---[0;39m [2m[nio-8080-exec-2][0;39m [36mc.d.b.Security.JwtAuthenticationFilter  [0;39m [2m:[0;39m Error extracting username from JWT: JWT expired at 2026-03-25T21:19:05Z. Current time: 2026-03-26T15:17:34Z, a difference of 64709464 milliseconds.  Allowed clock skew: 0 milliseconds.
Hibernate: 
    select
        c1_0.id,
        c1_0.country,
        c1_0.created_at,
        c1_0.name,
        c1_0.state 
    from
        cities c1_0
Hibernate: 
    select
        m1_0.id,
        m1_0.cast,
        m1_0.created_at,
        m1_0.description,
        m1_0.director,
        m1_0.duration,
        m1_0.genre,
        m1_0.language,
        m1_0.movie_name,
        m1_0.now_showing,
        m1_0.poster_url,
        m1_0.rating,
        m1_0.release_date,
        m1_0.trailer_url,
        m1_0.updated_at 
    from
        movies m1_0
Hibernate: 
    select
        m1_0.id,
        m1_0.cast,
        m1_0.created_at,
        m1_0.description,
        m1_0.director,
        m1_0.duration,
        m1_0.genre,
        m1_0.language,
        m1_0.movie_name,
        m1_0.now_showing,
        m1_0.poster_url,
        m1_0.rating,
        m1_0.release_date,
        m1_0.trailer_url,
        m1_0.updated_at 
    from
        movies m1_0
Hibernate: 
    select
        m1_0.id,
        m1_0.cast,
        m1_0.created_at,
        m1_0.description,
        m1_0.director,
        m1_0.duration,
        m1_0.genre,
        m1_0.language,
        m1_0.movie_name,
        m1_0.now_showing,
        m1_0.poster_url,
        m1_0.rating,
        m1_0.release_date,
        m1_0.trailer_url,
        m1_0.updated_at 
    from
        movies m1_0
Hibernate: 
    select
        m1_0.id,
        m1_0.cast,
        m1_0.created_at,
        m1_0.description,
        m1_0.director,
        m1_0.duration,
        m1_0.genre,
        m1_0.language,
        m1_0.movie_name,
        m1_0.now_showing,
        m1_0.poster_url,
        m1_0.rating,
        m1_0.release_date,
        m1_0.trailer_url,
        m1_0.updated_at 
    from
        movies m1_0
Hibernate: 
    select
        t1_0.ticket_id,
        t1_0.booked_at,
        t1_0.booked_seats,
        t1_0.cancelled_at,
        t1_0.qr_code_data,
        t1_0.qr_expiry_time,
        t1_0.qr_payload,
        t1_0.refund_amount,
        t1_0.show_id,
        t1_0.status,
        t1_0.total_tickets_price,
        t1_0.user_id,
        t1_0.validation_token 
    from
        tickets t1_0
Hibernate: 
    select
        t1_0.ticket_id,
        t1_0.booked_at,
        t1_0.booked_seats,
        t1_0.cancelled_at,
        t1_0.qr_code_data,
        t1_0.qr_expiry_time,
        t1_0.qr_payload,
        t1_0.refund_amount,
        t1_0.show_id,
        t1_0.status,
        t1_0.total_tickets_price,
        t1_0.user_id,
        t1_0.validation_token 
    from
        tickets t1_0
Hibernate: 
    select
        s1_0.show_id,
        s1_0.created_at,
        s1_0.date,
        s1_0.movie_id,
        m1_0.id,
        m1_0.cast,
        m1_0.created_at,
        m1_0.description,
        m1_0.director,
        m1_0.duration,
        m1_0.genre,
        m1_0.language,
        m1_0.movie_name,
        m1_0.now_showing,
        m1_0.poster_url,
        m1_0.rating,
        m1_0.release_date,
        m1_0.trailer_url,
        m1_0.updated_at,
        s1_0.theater_id,
        t1_0.id,
        t1_0.address,
        a1_0.id,
        a1_0.address,
        a1_0.age,
        a1_0.city_id,
        a1_0.created_at,
        a1_0.email_id,
        a1_0.gender,
        a1_0.is_active,
        a1_0.mobile_no,
        a1_0.name,
        a1_0.password,
        a1_0.role,
        a1_0.updated_at,
        a1_0.wallet_balance,
        c1_0.id,
        c1_0.country,
        c1_0.created_at,
        c1_0.name,
        c1_0.state,
        t1_0.city,
        t1_0.created_at,
        t1_0.name,
        s1_0.time 
    from
        shows s1_0 
    join
        movies m1_0 
            on m1_0.id=s1_0.movie_id 
    join
        theaters t1_0 
            on t1_0.id=s1_0.theater_id 
    left join
        users a1_0 
            on a1_0.id=t1_0.admin_id 
    left join
        cities c1_0 
            on c1_0.id=t1_0.city_id 
    where
        s1_0.show_id=?
Hibernate: 
    select
        s1_0.show_id,
        s1_0.created_at,
        s1_0.date,
        s1_0.movie_id,
        m1_0.id,
        m1_0.cast,
        m1_0.created_at,
        m1_0.description,
        m1_0.director,
        m1_0.duration,
        m1_0.genre,
        m1_0.language,
        m1_0.movie_name,
        m1_0.now_showing,
        m1_0.poster_url,
        m1_0.rating,
        m1_0.release_date,
        m1_0.trailer_url,
        m1_0.updated_at,
        s1_0.theater_id,
        t1_0.id,
        t1_0.address,
        a1_0.id,
        a1_0.address,
        a1_0.age,
        a1_0.city_id,
        a1_0.created_at,
        a1_0.email_id,
        a1_0.gender,
        a1_0.is_active,
        a1_0.mobile_no,
        a1_0.name,
        a1_0.password,
        a1_0.role,
        a1_0.updated_at,
        a1_0.wallet_balance,
        c1_0.id,
        c1_0.country,
        c1_0.created_at,
        c1_0.name,
        c1_0.state,
        t1_0.city,
        t1_0.created_at,
        t1_0.name,
        s1_0.time 
    from
        shows s1_0 
    join
        movies m1_0 
            on m1_0.id=s1_0.movie_id 
    join
        theaters t1_0 
            on t1_0.id=s1_0.theater_id 
    left join
        users a1_0 
            on a1_0.id=t1_0.admin_id 
    left join
        cities c1_0 
            on c1_0.id=t1_0.city_id 
    where
        s1_0.show_id=?
Hibernate: 
    select
        u1_0.id,
        u1_0.address,
        u1_0.age,
        u1_0.city_id,
        u1_0.created_at,
        u1_0.email_id,
        u1_0.gender,
        u1_0.is_active,
        u1_0.mobile_no,
        u1_0.name,
        u1_0.password,
        u1_0.role,
        u1_0.updated_at,
        u1_0.wallet_balance 
    from
        users u1_0 
    where
        u1_0.id=?
Hibernate: 
    select
        s1_0.show_id,
        s1_0.created_at,
        s1_0.date,
        s1_0.movie_id,
        m1_0.id,
        m1_0.cast,
        m1_0.created_at,
        m1_0.description,
        m1_0.director,
        m1_0.duration,
        m1_0.genre,
        m1_0.language,
        m1_0.movie_name,
        m1_0.now_showing,
        m1_0.poster_url,
        m1_0.rating,
        m1_0.release_date,
        m1_0.trailer_url,
        m1_0.updated_at,
        s1_0.theater_id,
        t1_0.id,
        t1_0.address,
        a1_0.id,
        a1_0.address,
        a1_0.age,
        a1_0.city_id,
        a1_0.created_at,
        a1_0.email_id,
        a1_0.gender,
        a1_0.is_active,
        a1_0.mobile_no,
        a1_0.name,
        a1_0.password,
        a1_0.role,
        a1_0.updated_at,
        a1_0.wallet_balance,
        c1_0.id,
        c1_0.country,
        c1_0.created_at,
        c1_0.name,
        c1_0.state,
        t1_0.city,
        t1_0.created_at,
        t1_0.name,
        s1_0.time 
    from
        shows s1_0 
    join
        movies m1_0 
            on m1_0.id=s1_0.movie_id 
    join
        theaters t1_0 
            on t1_0.id=s1_0.theater_id 
    left join
        users a1_0 
            on a1_0.id=t1_0.admin_id 
    left join
        cities c1_0 
            on c1_0.id=t1_0.city_id 
    where
        s1_0.show_id=?
Hibernate: 
    select
        u1_0.id,
        u1_0.address,
        u1_0.age,
        u1_0.city_id,
        u1_0.created_at,
        u1_0.email_id,
        u1_0.gender,
        u1_0.is_active,
        u1_0.mobile_no,
        u1_0.name,
        u1_0.password,
        u1_0.role,
        u1_0.updated_at,
        u1_0.wallet_balance 
    from
        users u1_0 
    where
        u1_0.id=?
Hibernate: 
    select
        s1_0.show_id,
        s1_0.created_at,
        s1_0.date,
        s1_0.movie_id,
        m1_0.id,
        m1_0.cast,
        m1_0.created_at,
        m1_0.description,
        m1_0.director,
        m1_0.duration,
        m1_0.genre,
        m1_0.language,
        m1_0.movie_name,
        m1_0.now_showing,
        m1_0.poster_url,
        m1_0.rating,
        m1_0.release_date,
        m1_0.trailer_url,
        m1_0.updated_at,
        s1_0.theater_id,
        t1_0.id,
        t1_0.address,
        a1_0.id,
        a1_0.address,
        a1_0.age,
        a1_0.city_id,
        a1_0.created_at,
        a1_0.email_id,
        a1_0.gender,
        a1_0.is_active,
        a1_0.mobile_no,
        a1_0.name,
        a1_0.password,
        a1_0.role,
        a1_0.updated_at,
        a1_0.wallet_balance,
        c1_0.id,
        c1_0.country,
        c1_0.created_at,
        c1_0.name,
        c1_0.state,
        t1_0.city,
        t1_0.created_at,
        t1_0.name,
        s1_0.time 
    from
        shows s1_0 
    join
        movies m1_0 
            on m1_0.id=s1_0.movie_id 
    join
        theaters t1_0 
            on t1_0.id=s1_0.theater_id 
    left join
        users a1_0 
            on a1_0.id=t1_0.admin_id 
    left join
        cities c1_0 
            on c1_0.id=t1_0.city_id 
    where
        s1_0.show_id=?
Hibernate: 
    select
        s1_0.show_id,
        s1_0.created_at,
        s1_0.date,
        s1_0.movie_id,
        m1_0.id,
        m1_0.cast,
        m1_0.created_at,
        m1_0.description,
        m1_0.director,
        m1_0.duration,
        m1_0.genre,
        m1_0.language,
        m1_0.movie_name,
        m1_0.now_showing,
        m1_0.poster_url,
        m1_0.rating,
        m1_0.release_date,
        m1_0.trailer_url,
        m1_0.updated_at,
        s1_0.theater_id,
        t1_0.id,
        t1_0.address,
        a1_0.id,
        a1_0.address,
        a1_0.age,
        a1_0.city_id,
        a1_0.created_at,
        a1_0.email_id,
        a1_0.gender,
        a1_0.is_active,
        a1_0.mobile_no,
        a1_0.name,
        a1_0.password,
        a1_0.role,
        a1_0.updated_at,
        a1_0.wallet_balance,
        c1_0.id,
        c1_0.country,
        c1_0.created_at,
        c1_0.name,
        c1_0.state,
        t1_0.city,
        t1_0.created_at,
        t1_0.name,
        s1_0.time 
    from
        shows s1_0 
    join
        movies m1_0 
            on m1_0.id=s1_0.movie_id 
    join
        theaters t1_0 
            on t1_0.id=s1_0.theater_id 
    left join
        users a1_0 
            on a1_0.id=t1_0.admin_id 
    left join
        cities c1_0 
            on c1_0.id=t1_0.city_id 
    where
        s1_0.show_id=?
[2m2026-03-26T20:47:34.731+05:30[0;39m [31mERROR[0;39m [35m14365[0;39m [2m---[0;39m [2m[nio-8080-exec-1][0;39m [36mc.d.b.Security.JwtAuthenticationFilter  [0;39m [2m:[0;39m Error extracting username from JWT: JWT expired at 2026-03-25T21:19:05Z. Current time: 2026-03-26T15:17:34Z, a difference of 64709731 milliseconds.  Allowed clock skew: 0 milliseconds.
Hibernate: 
    select
        s1_0.show_id,
        s1_0.created_at,
        s1_0.date,
        s1_0.movie_id,
        m1_0.id,
        m1_0.cast,
        m1_0.created_at,
        m1_0.description,
        m1_0.director,
        m1_0.duration,
        m1_0.genre,
        m1_0.language,
        m1_0.movie_name,
        m1_0.now_showing,
        m1_0.poster_url,
        m1_0.rating,
        m1_0.release_date,
        m1_0.trailer_url,
        m1_0.updated_at,
        s1_0.theater_id,
        t1_0.id,
        t1_0.address,
        a1_0.id,
        a1_0.address,
        a1_0.age,
        a1_0.city_id,
        a1_0.created_at,
        a1_0.email_id,
        a1_0.gender,
        a1_0.is_active,
        a1_0.mobile_no,
        a1_0.name,
        a1_0.password,
        a1_0.role,
        a1_0.updated_at,
        a1_0.wallet_balance,
        c1_0.id,
        c1_0.country,
        c1_0.created_at,
        c1_0.name,
        c1_0.state,
        t1_0.city,
        t1_0.created_at,
        t1_0.name,
        s1_0.time 
    from
        shows s1_0 
    join
        movies m1_0 
            on m1_0.id=s1_0.movie_id 
    join
        theaters t1_0 
            on t1_0.id=s1_0.theater_id 
    left join
        users a1_0 
            on a1_0.id=t1_0.admin_id 
    left join
        cities c1_0 
            on c1_0.id=t1_0.city_id 
    where
        s1_0.show_id=?
[2m2026-03-26T20:47:34.731+05:30[0;39m [31mERROR[0;39m [35m14365[0;39m [2m---[0;39m [2m[nio-8080-exec-3][0;39m [36mc.d.b.Security.JwtAuthenticationFilter  [0;39m [2m:[0;39m Error extracting username from JWT: JWT expired at 2026-03-25T21:19:05Z. Current time: 2026-03-26T15:17:34Z, a difference of 64709731 milliseconds.  Allowed clock skew: 0 milliseconds.
Hibernate: 
    select
        s1_0.show_id,
        s1_0.created_at,
        s1_0.date,
        s1_0.movie_id,
        m1_0.id,
        m1_0.cast,
        m1_0.created_at,
        m1_0.description,
        m1_0.director,
        m1_0.duration,
        m1_0.genre,
        m1_0.language,
        m1_0.movie_name,
        m1_0.now_showing,
        m1_0.poster_url,
        m1_0.rating,
        m1_0.release_date,
        m1_0.trailer_url,
        m1_0.updated_at,
        s1_0.theater_id,
        t1_0.id,
        t1_0.address,
        a1_0.id,
        a1_0.address,
        a1_0.age,
        a1_0.city_id,
        a1_0.created_at,
        a1_0.email_id,
        a1_0.gender,
        a1_0.is_active,
        a1_0.mobile_no,
        a1_0.name,
        a1_0.password,
        a1_0.role,
        a1_0.updated_at,
        a1_0.wallet_balance,
        c1_0.id,
        c1_0.country,
        c1_0.created_at,
        c1_0.name,
        c1_0.state,
        t1_0.city,
        t1_0.created_at,
        t1_0.name,
        s1_0.time 
    from
        shows s1_0 
    join
        movies m1_0 
            on m1_0.id=s1_0.movie_id 
    join
        theaters t1_0 
            on t1_0.id=s1_0.theater_id 
    left join
        users a1_0 
            on a1_0.id=t1_0.admin_id 
    left join
        cities c1_0 
            on c1_0.id=t1_0.city_id 
    where
        s1_0.show_id=?
Hibernate: 
    select
        s1_0.show_id,
        s1_0.created_at,
        s1_0.date,
        s1_0.movie_id,
        m1_0.id,
        m1_0.cast,
        m1_0.created_at,
        m1_0.description,
        m1_0.director,
        m1_0.duration,
        m1_0.genre,
        m1_0.language,
        m1_0.movie_name,
        m1_0.now_showing,
        m1_0.poster_url,
        m1_0.rating,
        m1_0.release_date,
        m1_0.trailer_url,
        m1_0.updated_at,
        s1_0.theater_id,
        t1_0.id,
        t1_0.address,
        a1_0.id,
        a1_0.address,
        a1_0.age,
        a1_0.city_id,
        a1_0.created_at,
        a1_0.email_id,
        a1_0.gender,
        a1_0.is_active,
        a1_0.mobile_no,
        a1_0.name,
        a1_0.password,
        a1_0.role,
        a1_0.updated_at,
        a1_0.wallet_balance,
        c1_0.id,
        c1_0.country,
        c1_0.created_at,
        c1_0.name,
        c1_0.state,
        t1_0.city,
        t1_0.created_at,
        t1_0.name,
        s1_0.time 
    from
        shows s1_0 
    join
        movies m1_0 
            on m1_0.id=s1_0.movie_id 
    join
        theaters t1_0 
            on t1_0.id=s1_0.theater_id 
    left join
        users a1_0 
            on a1_0.id=t1_0.admin_id 
    left join
        cities c1_0 
            on c1_0.id=t1_0.city_id 
    where
        s1_0.show_id=?
Hibernate: 
    select
        s1_0.show_id,
        s1_0.created_at,
        s1_0.date,
        s1_0.movie_id,
        m1_0.id,
        m1_0.cast,
        m1_0.created_at,
        m1_0.description,
        m1_0.director,
        m1_0.duration,
        m1_0.genre,
        m1_0.language,
        m1_0.movie_name,
        m1_0.now_showing,
        m1_0.poster_url,
        m1_0.rating,
        m1_0.release_date,
        m1_0.trailer_url,
        m1_0.updated_at,
        s1_0.theater_id,
        t1_0.id,
        t1_0.address,
        a1_0.id,
        a1_0.address,
        a1_0.age,
        a1_0.city_id,
        a1_0.created_at,
        a1_0.email_id,
        a1_0.gender,
        a1_0.is_active,
        a1_0.mobile_no,
        a1_0.name,
        a1_0.password,
        a1_0.role,
        a1_0.updated_at,
        a1_0.wallet_balance,
        c1_0.id,
        c1_0.country,
        c1_0.created_at,
        c1_0.name,
        c1_0.state,
        t1_0.city,
        t1_0.created_at,
        t1_0.name,
        s1_0.time 
    from
        shows s1_0 
    join
        movies m1_0 
            on m1_0.id=s1_0.movie_id 
    join
        theaters t1_0 
            on t1_0.id=s1_0.theater_id 
    left join
        users a1_0 
            on a1_0.id=t1_0.admin_id 
    left join
        cities c1_0 
            on c1_0.id=t1_0.city_id 
    where
        s1_0.show_id=?
Hibernate: 
    select
        u1_0.id,
        u1_0.address,
        u1_0.age,
        u1_0.city_id,
        u1_0.created_at,
        u1_0.email_id,
        u1_0.gender,
        u1_0.is_active,
        u1_0.mobile_no,
        u1_0.name,
        u1_0.password,
        u1_0.role,
        u1_0.updated_at,
        u1_0.wallet_balance 
    from
        users u1_0 
    where
        u1_0.id=?
Hibernate: 
    select
        s1_0.show_id,
        s1_0.created_at,
        s1_0.date,
        s1_0.movie_id,
        m1_0.id,
        m1_0.cast,
        m1_0.created_at,
        m1_0.description,
        m1_0.director,
        m1_0.duration,
        m1_0.genre,
        m1_0.language,
        m1_0.movie_name,
        m1_0.now_showing,
        m1_0.poster_url,
        m1_0.rating,
        m1_0.release_date,
        m1_0.trailer_url,
        m1_0.updated_at,
        s1_0.theater_id,
        t1_0.id,
        t1_0.address,
        a1_0.id,
        a1_0.address,
        a1_0.age,
        a1_0.city_id,
        a1_0.created_at,
        a1_0.email_id,
        a1_0.gender,
        a1_0.is_active,
        a1_0.mobile_no,
        a1_0.name,
        a1_0.password,
        a1_0.role,
        a1_0.updated_at,
        a1_0.wallet_balance,
        c1_0.id,
        c1_0.country,
        c1_0.created_at,
        c1_0.name,
        c1_0.state,
        t1_0.city,
        t1_0.created_at,
        t1_0.name,
        s1_0.time 
    from
        shows s1_0 
    join
        movies m1_0 
            on m1_0.id=s1_0.movie_id 
    join
        theaters t1_0 
            on t1_0.id=s1_0.theater_id 
    left join
        users a1_0 
            on a1_0.id=t1_0.admin_id 
    left join
        cities c1_0 
            on c1_0.id=t1_0.city_id 
    where
        s1_0.show_id=?
Hibernate: 
    select
        s1_0.show_id,
        s1_0.created_at,
        s1_0.date,
        s1_0.movie_id,
        m1_0.id,
        m1_0.cast,
        m1_0.created_at,
        m1_0.description,
        m1_0.director,
        m1_0.duration,
        m1_0.genre,
        m1_0.language,
        m1_0.movie_name,
        m1_0.now_showing,
        m1_0.poster_url,
        m1_0.rating,
        m1_0.release_date,
        m1_0.trailer_url,
        m1_0.updated_at,
        s1_0.theater_id,
        t1_0.id,
        t1_0.address,
        a1_0.id,
        a1_0.address,
        a1_0.age,
        a1_0.city_id,
        a1_0.created_at,
        a1_0.email_id,
        a1_0.gender,
        a1_0.is_active,
        a1_0.mobile_no,
        a1_0.name,
        a1_0.password,
        a1_0.role,
        a1_0.updated_at,
        a1_0.wallet_balance,
        c1_0.id,
        c1_0.country,
        c1_0.created_at,
        c1_0.name,
        c1_0.state,
        t1_0.city,
        t1_0.created_at,
        t1_0.name,
        s1_0.time 
    from
        shows s1_0 
    join
        movies m1_0 
            on m1_0.id=s1_0.movie_id 
    join
        theaters t1_0 
            on t1_0.id=s1_0.theater_id 
    left join
        users a1_0 
            on a1_0.id=t1_0.admin_id 
    left join
        cities c1_0 
            on c1_0.id=t1_0.city_id 
    where
        s1_0.show_id=?
Hibernate: 
    select
        u1_0.id,
        u1_0.address,
        u1_0.age,
        u1_0.city_id,
        u1_0.created_at,
        u1_0.email_id,
        u1_0.gender,
        u1_0.is_active,
        u1_0.mobile_no,
        u1_0.name,
        u1_0.password,
        u1_0.role,
        u1_0.updated_at,
        u1_0.wallet_balance 
    from
        users u1_0 
    where
        u1_0.id=?
Hibernate: 
    select
        s1_0.show_id,
        s1_0.created_at,
        s1_0.date,
        s1_0.movie_id,
        m1_0.id,
        m1_0.cast,
        m1_0.created_at,
        m1_0.description,
        m1_0.director,
        m1_0.duration,
        m1_0.genre,
        m1_0.language,
        m1_0.movie_name,
        m1_0.now_showing,
        m1_0.poster_url,
        m1_0.rating,
        m1_0.release_date,
        m1_0.trailer_url,
        m1_0.updated_at,
        s1_0.theater_id,
        t1_0.id,
        t1_0.address,
        a1_0.id,
        a1_0.address,
        a1_0.age,
        a1_0.city_id,
        a1_0.created_at,
        a1_0.email_id,
        a1_0.gender,
        a1_0.is_active,
        a1_0.mobile_no,
        a1_0.name,
        a1_0.password,
        a1_0.role,
        a1_0.updated_at,
        a1_0.wallet_balance,
        c1_0.id,
        c1_0.country,
        c1_0.created_at,
        c1_0.name,
        c1_0.state,
        t1_0.city,
        t1_0.created_at,
        t1_0.name,
        s1_0.time 
    from
        shows s1_0 
    join
        movies m1_0 
            on m1_0.id=s1_0.movie_id 
    join
        theaters t1_0 
            on t1_0.id=s1_0.theater_id 
    left join
        users a1_0 
            on a1_0.id=t1_0.admin_id 
    left join
        cities c1_0 
            on c1_0.id=t1_0.city_id 
    where
        s1_0.show_id=?
Hibernate: 
    select
        s1_0.show_id,
        s1_0.created_at,
        s1_0.date,
        s1_0.movie_id,
        m1_0.id,
        m1_0.cast,
        m1_0.created_at,
        m1_0.description,
        m1_0.director,
        m1_0.duration,
        m1_0.genre,
        m1_0.language,
        m1_0.movie_name,
        m1_0.now_showing,
        m1_0.poster_url,
        m1_0.rating,
        m1_0.release_date,
        m1_0.trailer_url,
        m1_0.updated_at,
        s1_0.theater_id,
        t1_0.id,
        t1_0.address,
        a1_0.id,
        a1_0.address,
        a1_0.age,
        a1_0.city_id,
        a1_0.created_at,
        a1_0.email_id,
        a1_0.gender,
        a1_0.is_active,
        a1_0.mobile_no,
        a1_0.name,
        a1_0.password,
        a1_0.role,
        a1_0.updated_at,
        a1_0.wallet_balance,
        c1_0.id,
        c1_0.country,
        c1_0.created_at,
        c1_0.name,
        c1_0.state,
        t1_0.city,
        t1_0.created_at,
        t1_0.name,
        s1_0.time 
    from
        shows s1_0 
    join
        movies m1_0 
            on m1_0.id=s1_0.movie_id 
    join
        theaters t1_0 
            on t1_0.id=s1_0.theater_id 
    left join
        users a1_0 
            on a1_0.id=t1_0.admin_id 
    left join
        cities c1_0 
            on c1_0.id=t1_0.city_id 
    where
        s1_0.show_id=?
Hibernate: 
    select
        s1_0.show_id,
        s1_0.created_at,
        s1_0.date,
        s1_0.movie_id,
        m1_0.id,
        m1_0.cast,
        m1_0.created_at,
        m1_0.description,
        m1_0.director,
        m1_0.duration,
        m1_0.genre,
        m1_0.language,
        m1_0.movie_name,
        m1_0.now_showing,
        m1_0.poster_url,
        m1_0.rating,
        m1_0.release_date,
        m1_0.trailer_url,
        m1_0.updated_at,
        s1_0.theater_id,
        t1_0.id,
        t1_0.address,
        a1_0.id,
        a1_0.address,
        a1_0.age,
        a1_0.city_id,
        a1_0.created_at,
        a1_0.email_id,
        a1_0.gender,
        a1_0.is_active,
        a1_0.mobile_no,
        a1_0.name,
        a1_0.password,
        a1_0.role,
        a1_0.updated_at,
        a1_0.wallet_balance,
        c1_0.id,
        c1_0.country,
        c1_0.created_at,
        c1_0.name,
        c1_0.state,
        t1_0.city,
        t1_0.created_at,
        t1_0.name,
        s1_0.time 
    from
        shows s1_0 
    join
        movies m1_0 
            on m1_0.id=s1_0.movie_id 
    join
        theaters t1_0 
            on t1_0.id=s1_0.theater_id 
    left join
        users a1_0 
            on a1_0.id=t1_0.admin_id 
    left join
        cities c1_0 
            on c1_0.id=t1_0.city_id 
    where
        s1_0.show_id=?
Hibernate: 
    select
        m1_0.id,
        m1_0.cast,
        m1_0.created_at,
        m1_0.description,
        m1_0.director,
        m1_0.duration,
        m1_0.genre,
        m1_0.language,
        m1_0.movie_name,
        m1_0.now_showing,
        m1_0.poster_url,
        m1_0.rating,
        m1_0.release_date,
        m1_0.trailer_url,
        m1_0.updated_at 
    from
        movies m1_0
Hibernate: 
    select
        s1_0.show_id,
        s1_0.created_at,
        s1_0.date,
        s1_0.movie_id,
        m1_0.id,
        m1_0.cast,
        m1_0.created_at,
        m1_0.description,
        m1_0.director,
        m1_0.duration,
        m1_0.genre,
        m1_0.language,
        m1_0.movie_name,
        m1_0.now_showing,
        m1_0.poster_url,
        m1_0.rating,
        m1_0.release_date,
        m1_0.trailer_url,
        m1_0.updated_at,
        s1_0.theater_id,
        t1_0.id,
        t1_0.address,
        a1_0.id,
        a1_0.address,
        a1_0.age,
        a1_0.city_id,
        a1_0.created_at,
        a1_0.email_id,
        a1_0.gender,
        a1_0.is_active,
        a1_0.mobile_no,
        a1_0.name,
        a1_0.password,
        a1_0.role,
        a1_0.updated_at,
        a1_0.wallet_balance,
        c1_0.id,
        c1_0.country,
        c1_0.created_at,
        c1_0.name,
        c1_0.state,
        t1_0.city,
        t1_0.created_at,
        t1_0.name,
        s1_0.time 
    from
        shows s1_0 
    join
        movies m1_0 
            on m1_0.id=s1_0.movie_id 
    join
        theaters t1_0 
            on t1_0.id=s1_0.theater_id 
    left join
        users a1_0 
            on a1_0.id=t1_0.admin_id 
    left join
        cities c1_0 
            on c1_0.id=t1_0.city_id 
    where
        s1_0.show_id=?
Hibernate: 
    select
        s1_0.show_id,
        s1_0.created_at,
        s1_0.date,
        s1_0.movie_id,
        m1_0.id,
        m1_0.cast,
        m1_0.created_at,
        m1_0.description,
        m1_0.director,
        m1_0.duration,
        m1_0.genre,
        m1_0.language,
        m1_0.movie_name,
        m1_0.now_showing,
        m1_0.poster_url,
        m1_0.rating,
        m1_0.release_date,
        m1_0.trailer_url,
        m1_0.updated_at,
        s1_0.theater_id,
        t1_0.id,
        t1_0.address,
        a1_0.id,
        a1_0.address,
        a1_0.age,
        a1_0.city_id,
        a1_0.created_at,
        a1_0.email_id,
        a1_0.gender,
        a1_0.is_active,
        a1_0.mobile_no,
        a1_0.name,
        a1_0.password,
        a1_0.role,
        a1_0.updated_at,
        a1_0.wallet_balance,
        c1_0.id,
        c1_0.country,
        c1_0.created_at,
        c1_0.name,
        c1_0.state,
        t1_0.city,
        t1_0.created_at,
        t1_0.name,
        s1_0.time 
    from
        shows s1_0 
    join
        movies m1_0 
            on m1_0.id=s1_0.movie_id 
    join
        theaters t1_0 
            on t1_0.id=s1_0.theater_id 
    left join
        users a1_0 
            on a1_0.id=t1_0.admin_id 
    left join
        cities c1_0 
            on c1_0.id=t1_0.city_id 
    where
        s1_0.show_id=?
Hibernate: 
    select
        s1_0.show_id,
        s1_0.created_at,
        s1_0.date,
        s1_0.movie_id,
        m1_0.id,
        m1_0.cast,
        m1_0.created_at,
        m1_0.description,
        m1_0.director,
        m1_0.duration,
        m1_0.genre,
        m1_0.language,
        m1_0.movie_name,
        m1_0.now_showing,
        m1_0.poster_url,
        m1_0.rating,
        m1_0.release_date,
        m1_0.trailer_url,
        m1_0.updated_at,
        s1_0.theater_id,
        t1_0.id,
        t1_0.address,
        a1_0.id,
        a1_0.address,
        a1_0.age,
        a1_0.city_id,
        a1_0.created_at,
        a1_0.email_id,
        a1_0.gender,
        a1_0.is_active,
        a1_0.mobile_no,
        a1_0.name,
        a1_0.password,
        a1_0.role,
        a1_0.updated_at,
        a1_0.wallet_balance,
        c1_0.id,
        c1_0.country,
        c1_0.created_at,
        c1_0.name,
        c1_0.state,
        t1_0.city,
        t1_0.created_at,
        t1_0.name,
        s1_0.time 
    from
        shows s1_0 
    join
        movies m1_0 
            on m1_0.id=s1_0.movie_id 
    join
        theaters t1_0 
            on t1_0.id=s1_0.theater_id 
    left join
        users a1_0 
            on a1_0.id=t1_0.admin_id 
    left join
        cities c1_0 
            on c1_0.id=t1_0.city_id 
    where
        s1_0.show_id=?
Hibernate: 
    select
        s1_0.show_id,
        s1_0.created_at,
        s1_0.date,
        s1_0.movie_id,
        m1_0.id,
        m1_0.cast,
        m1_0.created_at,
        m1_0.description,
        m1_0.director,
        m1_0.duration,
        m1_0.genre,
        m1_0.language,
        m1_0.movie_name,
        m1_0.now_showing,
        m1_0.poster_url,
        m1_0.rating,
        m1_0.release_date,
        m1_0.trailer_url,
        m1_0.updated_at,
        s1_0.theater_id,
        t1_0.id,
        t1_0.address,
        a1_0.id,
        a1_0.address,
        a1_0.age,
        a1_0.city_id,
        a1_0.created_at,
        a1_0.email_id,
        a1_0.gender,
        a1_0.is_active,
        a1_0.mobile_no,
        a1_0.name,
        a1_0.password,
        a1_0.role,
        a1_0.updated_at,
        a1_0.wallet_balance,
        c1_0.id,
        c1_0.country,
        c1_0.created_at,
        c1_0.name,
        c1_0.state,
        t1_0.city,
        t1_0.created_at,
        t1_0.name,
        s1_0.time 
    from
        shows s1_0 
    join
        movies m1_0 
            on m1_0.id=s1_0.movie_id 
    join
        theaters t1_0 
            on t1_0.id=s1_0.theater_id 
    left join
        users a1_0 
            on a1_0.id=t1_0.admin_id 
    left join
        cities c1_0 
            on c1_0.id=t1_0.city_id 
    where
        s1_0.show_id=?
Hibernate: 
    select
        s1_0.show_id,
        s1_0.created_at,
        s1_0.date,
        s1_0.movie_id,
        m1_0.id,
        m1_0.cast,
        m1_0.created_at,
        m1_0.description,
        m1_0.director,
        m1_0.duration,
        m1_0.genre,
        m1_0.language,
        m1_0.movie_name,
        m1_0.now_showing,
        m1_0.poster_url,
        m1_0.rating,
        m1_0.release_date,
        m1_0.trailer_url,
        m1_0.updated_at,
        s1_0.theater_id,
        t1_0.id,
        t1_0.address,
        a1_0.id,
        a1_0.address,
        a1_0.age,
        a1_0.city_id,
        a1_0.created_at,
        a1_0.email_id,
        a1_0.gender,
        a1_0.is_active,
        a1_0.mobile_no,
        a1_0.name,
        a1_0.password,
        a1_0.role,
        a1_0.updated_at,
        a1_0.wallet_balance,
        c1_0.id,
        c1_0.country,
        c1_0.created_at,
        c1_0.name,
        c1_0.state,
        t1_0.city,
        t1_0.created_at,
        t1_0.name,
        s1_0.time 
    from
        shows s1_0 
    join
        movies m1_0 
            on m1_0.id=s1_0.movie_id 
    join
        theaters t1_0 
            on t1_0.id=s1_0.theater_id 
    left join
        users a1_0 
            on a1_0.id=t1_0.admin_id 
    left join
        cities c1_0 
            on c1_0.id=t1_0.city_id 
    where
        s1_0.show_id=?
Hibernate: 
    select
        s1_0.show_id,
        s1_0.created_at,
        s1_0.date,
        s1_0.movie_id,
        m1_0.id,
        m1_0.cast,
        m1_0.created_at,
        m1_0.description,
        m1_0.director,
        m1_0.duration,
        m1_0.genre,
        m1_0.language,
        m1_0.movie_name,
        m1_0.now_showing,
        m1_0.poster_url,
        m1_0.rating,
        m1_0.release_date,
        m1_0.trailer_url,
        m1_0.updated_at,
        s1_0.theater_id,
        t1_0.id,
        t1_0.address,
        a1_0.id,
        a1_0.address,
        a1_0.age,
        a1_0.city_id,
        a1_0.created_at,
        a1_0.email_id,
        a1_0.gender,
        a1_0.is_active,
        a1_0.mobile_no,
        a1_0.name,
        a1_0.password,
        a1_0.role,
        a1_0.updated_at,
        a1_0.wallet_balance,
        c1_0.id,
        c1_0.country,
        c1_0.created_at,
        c1_0.name,
        c1_0.state,
        t1_0.city,
        t1_0.created_at,
        t1_0.name,
        s1_0.time 
    from
        shows s1_0 
    join
        movies m1_0 
            on m1_0.id=s1_0.movie_id 
    join
        theaters t1_0 
            on t1_0.id=s1_0.theater_id 
    left join
        users a1_0 
            on a1_0.id=t1_0.admin_id 
    left join
        cities c1_0 
            on c1_0.id=t1_0.city_id 
    where
        s1_0.show_id=?
Hibernate: 
    select
        s1_0.show_id,
        s1_0.created_at,
        s1_0.date,
        s1_0.movie_id,
        m1_0.id,
        m1_0.cast,
        m1_0.created_at,
        m1_0.description,
        m1_0.director,
        m1_0.duration,
        m1_0.genre,
        m1_0.language,
        m1_0.movie_name,
        m1_0.now_showing,
        m1_0.poster_url,
        m1_0.rating,
        m1_0.release_date,
        m1_0.trailer_url,
        m1_0.updated_at,
        s1_0.theater_id,
        t1_0.id,
        t1_0.address,
        a1_0.id,
        a1_0.address,
        a1_0.age,
        a1_0.city_id,
        a1_0.created_at,
        a1_0.email_id,
        a1_0.gender,
        a1_0.is_active,
        a1_0.mobile_no,
        a1_0.name,
        a1_0.password,
        a1_0.role,
        a1_0.updated_at,
        a1_0.wallet_balance,
        c1_0.id,
        c1_0.country,
        c1_0.created_at,
        c1_0.name,
        c1_0.state,
        t1_0.city,
        t1_0.created_at,
        t1_0.name,
        s1_0.time 
    from
        shows s1_0 
    join
        movies m1_0 
            on m1_0.id=s1_0.movie_id 
    join
        theaters t1_0 
            on t1_0.id=s1_0.theater_id 
    left join
        users a1_0 
            on a1_0.id=t1_0.admin_id 
    left join
        cities c1_0 
            on c1_0.id=t1_0.city_id 
    where
        s1_0.show_id=?
Hibernate: 
    select
        m1_0.id,
        m1_0.cast,
        m1_0.created_at,
        m1_0.description,
        m1_0.director,
        m1_0.duration,
        m1_0.genre,
        m1_0.language,
        m1_0.movie_name,
        m1_0.now_showing,
        m1_0.poster_url,
        m1_0.rating,
        m1_0.release_date,
        m1_0.trailer_url,
        m1_0.updated_at 
    from
        movies m1_0
Hibernate: 
    select
        s1_0.show_id,
        s1_0.created_at,
        s1_0.date,
        s1_0.movie_id,
        m1_0.id,
        m1_0.cast,
        m1_0.created_at,
        m1_0.description,
        m1_0.director,
        m1_0.duration,
        m1_0.genre,
        m1_0.language,
        m1_0.movie_name,
        m1_0.now_showing,
        m1_0.poster_url,
        m1_0.rating,
        m1_0.release_date,
        m1_0.trailer_url,
        m1_0.updated_at,
        s1_0.theater_id,
        t1_0.id,
        t1_0.address,
        a1_0.id,
        a1_0.address,
        a1_0.age,
        a1_0.city_id,
        a1_0.created_at,
        a1_0.email_id,
        a1_0.gender,
        a1_0.is_active,
        a1_0.mobile_no,
        a1_0.name,
        a1_0.password,
        a1_0.role,
        a1_0.updated_at,
        a1_0.wallet_balance,
        c1_0.id,
        c1_0.country,
        c1_0.created_at,
        c1_0.name,
        c1_0.state,
        t1_0.city,
        t1_0.created_at,
        t1_0.name,
        s1_0.time 
    from
        shows s1_0 
    join
        movies m1_0 
            on m1_0.id=s1_0.movie_id 
    join
        theaters t1_0 
            on t1_0.id=s1_0.theater_id 
    left join
        users a1_0 
            on a1_0.id=t1_0.admin_id 
    left join
        cities c1_0 
            on c1_0.id=t1_0.city_id 
    where
        s1_0.show_id=?
Hibernate: 
    select
        s1_0.show_id,
        s1_0.created_at,
        s1_0.date,
        s1_0.movie_id,
        m1_0.id,
        m1_0.cast,
        m1_0.created_at,
        m1_0.description,
        m1_0.director,
        m1_0.duration,
        m1_0.genre,
        m1_0.language,
        m1_0.movie_name,
        m1_0.now_showing,
        m1_0.poster_url,
        m1_0.rating,
        m1_0.release_date,
        m1_0.trailer_url,
        m1_0.updated_at,
        s1_0.theater_id,
        t1_0.id,
        t1_0.address,
        a1_0.id,
        a1_0.address,
        a1_0.age,
        a1_0.city_id,
        a1_0.created_at,
        a1_0.email_id,
        a1_0.gender,
        a1_0.is_active,
        a1_0.mobile_no,
        a1_0.name,
        a1_0.password,
        a1_0.role,
        a1_0.updated_at,
        a1_0.wallet_balance,
        c1_0.id,
        c1_0.country,
        c1_0.created_at,
        c1_0.name,
        c1_0.state,
        t1_0.city,
        t1_0.created_at,
        t1_0.name,
        s1_0.time 
    from
        shows s1_0 
    join
        movies m1_0 
            on m1_0.id=s1_0.movie_id 
    join
        theaters t1_0 
            on t1_0.id=s1_0.theater_id 
    left join
        users a1_0 
            on a1_0.id=t1_0.admin_id 
    left join
        cities c1_0 
            on c1_0.id=t1_0.city_id 
    where
        s1_0.show_id=?
Hibernate: 
    select
        s1_0.show_id,
        s1_0.created_at,
        s1_0.date,
        s1_0.movie_id,
        m1_0.id,
        m1_0.cast,
        m1_0.created_at,
        m1_0.description,
        m1_0.director,
        m1_0.duration,
        m1_0.genre,
        m1_0.language,
        m1_0.movie_name,
        m1_0.now_showing,
        m1_0.poster_url,
        m1_0.rating,
        m1_0.release_date,
        m1_0.trailer_url,
        m1_0.updated_at,
        s1_0.theater_id,
        t1_0.id,
        t1_0.address,
        a1_0.id,
        a1_0.address,
        a1_0.age,
        a1_0.city_id,
        a1_0.created_at,
        a1_0.email_id,
        a1_0.gender,
        a1_0.is_active,
        a1_0.mobile_no,
        a1_0.name,
        a1_0.password,
        a1_0.role,
        a1_0.updated_at,
        a1_0.wallet_balance,
        c1_0.id,
        c1_0.country,
        c1_0.created_at,
        c1_0.name,
        c1_0.state,
        t1_0.city,
        t1_0.created_at,
        t1_0.name,
        s1_0.time 
    from
        shows s1_0 
    join
        movies m1_0 
            on m1_0.id=s1_0.movie_id 
    join
        theaters t1_0 
            on t1_0.id=s1_0.theater_id 
    left join
        users a1_0 
            on a1_0.id=t1_0.admin_id 
    left join
        cities c1_0 
            on c1_0.id=t1_0.city_id 
    where
        s1_0.show_id=?
Hibernate: 
    select
        s1_0.show_id,
        s1_0.created_at,
        s1_0.date,
        s1_0.movie_id,
        m1_0.id,
        m1_0.cast,
        m1_0.created_at,
        m1_0.description,
        m1_0.director,
        m1_0.duration,
        m1_0.genre,
        m1_0.language,
        m1_0.movie_name,
        m1_0.now_showing,
        m1_0.poster_url,
        m1_0.rating,
        m1_0.release_date,
        m1_0.trailer_url,
        m1_0.updated_at,
        s1_0.theater_id,
        t1_0.id,
        t1_0.address,
        a1_0.id,
        a1_0.address,
        a1_0.age,
        a1_0.city_id,
        a1_0.created_at,
        a1_0.email_id,
        a1_0.gender,
        a1_0.is_active,
        a1_0.mobile_no,
        a1_0.name,
        a1_0.password,
        a1_0.role,
        a1_0.updated_at,
        a1_0.wallet_balance,
        c1_0.id,
        c1_0.country,
        c1_0.created_at,
        c1_0.name,
        c1_0.state,
        t1_0.city,
        t1_0.created_at,
        t1_0.name,
        s1_0.time 
    from
        shows s1_0 
    join
        movies m1_0 
            on m1_0.id=s1_0.movie_id 
    join
        theaters t1_0 
            on t1_0.id=s1_0.theater_id 
    left join
        users a1_0 
            on a1_0.id=t1_0.admin_id 
    left join
        cities c1_0 
            on c1_0.id=t1_0.city_id 
    where
        s1_0.show_id=?
Hibernate: 
    select
        s1_0.show_id,
        s1_0.created_at,
        s1_0.date,
        s1_0.movie_id,
        m1_0.id,
        m1_0.cast,
        m1_0.created_at,
        m1_0.description,
        m1_0.director,
        m1_0.duration,
        m1_0.genre,
        m1_0.language,
        m1_0.movie_name,
        m1_0.now_showing,
        m1_0.poster_url,
        m1_0.rating,
        m1_0.release_date,
        m1_0.trailer_url,
        m1_0.updated_at,
        s1_0.theater_id,
        t1_0.id,
        t1_0.address,
        a1_0.id,
        a1_0.address,
        a1_0.age,
        a1_0.city_id,
        a1_0.created_at,
        a1_0.email_id,
        a1_0.gender,
        a1_0.is_active,
        a1_0.mobile_no,
        a1_0.name,
        a1_0.password,
        a1_0.role,
        a1_0.updated_at,
        a1_0.wallet_balance,
        c1_0.id,
        c1_0.country,
        c1_0.created_at,
        c1_0.name,
        c1_0.state,
        t1_0.city,
        t1_0.created_at,
        t1_0.name,
        s1_0.time 
    from
        shows s1_0 
    join
        movies m1_0 
            on m1_0.id=s1_0.movie_id 
    join
        theaters t1_0 
            on t1_0.id=s1_0.theater_id 
    left join
        users a1_0 
            on a1_0.id=t1_0.admin_id 
    left join
        cities c1_0 
            on c1_0.id=t1_0.city_id 
    where
        s1_0.show_id=?
Hibernate: 
    select
        s1_0.show_id,
        s1_0.created_at,
        s1_0.date,
        s1_0.movie_id,
        m1_0.id,
        m1_0.cast,
        m1_0.created_at,
        m1_0.description,
        m1_0.director,
        m1_0.duration,
        m1_0.genre,
        m1_0.language,
        m1_0.movie_name,
        m1_0.now_showing,
        m1_0.poster_url,
        m1_0.rating,
        m1_0.release_date,
        m1_0.trailer_url,
        m1_0.updated_at,
        s1_0.theater_id,
        t1_0.id,
        t1_0.address,
        a1_0.id,
        a1_0.address,
        a1_0.age,
        a1_0.city_id,
        a1_0.created_at,
        a1_0.email_id,
        a1_0.gender,
        a1_0.is_active,
        a1_0.mobile_no,
        a1_0.name,
        a1_0.password,
        a1_0.role,
        a1_0.updated_at,
        a1_0.wallet_balance,
        c1_0.id,
        c1_0.country,
        c1_0.created_at,
        c1_0.name,
        c1_0.state,
        t1_0.city,
        t1_0.created_at,
        t1_0.name,
        s1_0.time 
    from
        shows s1_0 
    join
        movies m1_0 
            on m1_0.id=s1_0.movie_id 
    join
        theaters t1_0 
            on t1_0.id=s1_0.theater_id 
    left join
        users a1_0 
            on a1_0.id=t1_0.admin_id 
    left join
        cities c1_0 
            on c1_0.id=t1_0.city_id 
    where
        s1_0.show_id=?
Hibernate: 
    select
        s1_0.show_id,
        s1_0.created_at,
        s1_0.date,
        s1_0.movie_id,
        m1_0.id,
        m1_0.cast,
        m1_0.created_at,
        m1_0.description,
        m1_0.director,
        m1_0.duration,
        m1_0.genre,
        m1_0.language,
        m1_0.movie_name,
        m1_0.now_showing,
        m1_0.poster_url,
        m1_0.rating,
        m1_0.release_date,
        m1_0.trailer_url,
        m1_0.updated_at,
        s1_0.theater_id,
        t1_0.id,
        t1_0.address,
        a1_0.id,
        a1_0.address,
        a1_0.age,
        a1_0.city_id,
        a1_0.created_at,
        a1_0.email_id,
        a1_0.gender,
        a1_0.is_active,
        a1_0.mobile_no,
        a1_0.name,
        a1_0.password,
        a1_0.role,
        a1_0.updated_at,
        a1_0.wallet_balance,
        c1_0.id,
        c1_0.country,
        c1_0.created_at,
        c1_0.name,
        c1_0.state,
        t1_0.city,
        t1_0.created_at,
        t1_0.name,
        s1_0.time 
    from
        shows s1_0 
    join
        movies m1_0 
            on m1_0.id=s1_0.movie_id 
    join
        theaters t1_0 
            on t1_0.id=s1_0.theater_id 
    left join
        users a1_0 
            on a1_0.id=t1_0.admin_id 
    left join
        cities c1_0 
            on c1_0.id=t1_0.city_id 
    where
        s1_0.show_id=?
Hibernate: 
    select
        s1_0.show_id,
        s1_0.created_at,
        s1_0.date,
        s1_0.movie_id,
        m1_0.id,
        m1_0.cast,
        m1_0.created_at,
        m1_0.description,
        m1_0.director,
        m1_0.duration,
        m1_0.genre,
        m1_0.language,
        m1_0.movie_name,
        m1_0.now_showing,
        m1_0.poster_url,
        m1_0.rating,
        m1_0.release_date,
        m1_0.trailer_url,
        m1_0.updated_at,
        s1_0.theater_id,
        t1_0.id,
        t1_0.address,
        a1_0.id,
        a1_0.address,
        a1_0.age,
        a1_0.city_id,
        a1_0.created_at,
        a1_0.email_id,
        a1_0.gender,
        a1_0.is_active,
        a1_0.mobile_no,
        a1_0.name,
        a1_0.password,
        a1_0.role,
        a1_0.updated_at,
        a1_0.wallet_balance,
        c1_0.id,
        c1_0.country,
        c1_0.created_at,
        c1_0.name,
        c1_0.state,
        t1_0.city,
        t1_0.created_at,
        t1_0.name,
        s1_0.time 
    from
        shows s1_0 
    join
        movies m1_0 
            on m1_0.id=s1_0.movie_id 
    join
        theaters t1_0 
            on t1_0.id=s1_0.theater_id 
    left join
        users a1_0 
            on a1_0.id=t1_0.admin_id 
    left join
        cities c1_0 
            on c1_0.id=t1_0.city_id 
    where
        s1_0.show_id=?
Hibernate: 
    select
        s1_0.show_id,
        s1_0.created_at,
        s1_0.date,
        s1_0.movie_id,
        m1_0.id,
        m1_0.cast,
        m1_0.created_at,
        m1_0.description,
        m1_0.director,
        m1_0.duration,
        m1_0.genre,
        m1_0.language,
        m1_0.movie_name,
        m1_0.now_showing,
        m1_0.poster_url,
        m1_0.rating,
        m1_0.release_date,
        m1_0.trailer_url,
        m1_0.updated_at,
        s1_0.theater_id,
        t1_0.id,
        t1_0.address,
        a1_0.id,
        a1_0.address,
        a1_0.age,
        a1_0.city_id,
        a1_0.created_at,
        a1_0.email_id,
        a1_0.gender,
        a1_0.is_active,
        a1_0.mobile_no,
        a1_0.name,
        a1_0.password,
        a1_0.role,
        a1_0.updated_at,
        a1_0.wallet_balance,
        c1_0.id,
        c1_0.country,
        c1_0.created_at,
        c1_0.name,
        c1_0.state,
        t1_0.city,
        t1_0.created_at,
        t1_0.name,
        s1_0.time 
    from
        shows s1_0 
    join
        movies m1_0 
            on m1_0.id=s1_0.movie_id 
    join
        theaters t1_0 
            on t1_0.id=s1_0.theater_id 
    left join
        users a1_0 
            on a1_0.id=t1_0.admin_id 
    left join
        cities c1_0 
            on c1_0.id=t1_0.city_id 
    where
        s1_0.show_id=?
Hibernate: 
    select
        s1_0.show_id,
        s1_0.created_at,
        s1_0.date,
        s1_0.movie_id,
        m1_0.id,
        m1_0.cast,
        m1_0.created_at,
        m1_0.description,
        m1_0.director,
        m1_0.duration,
        m1_0.genre,
        m1_0.language,
        m1_0.movie_name,
        m1_0.now_showing,
        m1_0.poster_url,
        m1_0.rating,
        m1_0.release_date,
        m1_0.trailer_url,
        m1_0.updated_at,
        s1_0.theater_id,
        t1_0.id,
        t1_0.address,
        a1_0.id,
        a1_0.address,
        a1_0.age,
        a1_0.city_id,
        a1_0.created_at,
        a1_0.email_id,
        a1_0.gender,
        a1_0.is_active,
        a1_0.mobile_no,
        a1_0.name,
        a1_0.password,
        a1_0.role,
        a1_0.updated_at,
        a1_0.wallet_balance,
        c1_0.id,
        c1_0.country,
        c1_0.created_at,
        c1_0.name,
        c1_0.state,
        t1_0.city,
        t1_0.created_at,
        t1_0.name,
        s1_0.time 
    from
        shows s1_0 
    join
        movies m1_0 
            on m1_0.id=s1_0.movie_id 
    join
        theaters t1_0 
            on t1_0.id=s1_0.theater_id 
    left join
        users a1_0 
            on a1_0.id=t1_0.admin_id 
    left join
        cities c1_0 
            on c1_0.id=t1_0.city_id 
    where
        s1_0.show_id=?
Hibernate: 
    select
        s1_0.show_id,
        s1_0.created_at,
        s1_0.date,
        s1_0.movie_id,
        m1_0.id,
        m1_0.cast,
        m1_0.created_at,
        m1_0.description,
        m1_0.director,
        m1_0.duration,
        m1_0.genre,
        m1_0.language,
        m1_0.movie_name,
        m1_0.now_showing,
        m1_0.poster_url,
        m1_0.rating,
        m1_0.release_date,
        m1_0.trailer_url,
        m1_0.updated_at,
        s1_0.theater_id,
        t1_0.id,
        t1_0.address,
        a1_0.id,
        a1_0.address,
        a1_0.age,
        a1_0.city_id,
        a1_0.created_at,
        a1_0.email_id,
        a1_0.gender,
        a1_0.is_active,
        a1_0.mobile_no,
        a1_0.name,
        a1_0.password,
        a1_0.role,
        a1_0.updated_at,
        a1_0.wallet_balance,
        c1_0.id,
        c1_0.country,
        c1_0.created_at,
        c1_0.name,
        c1_0.state,
        t1_0.city,
        t1_0.created_at,
        t1_0.name,
        s1_0.time 
    from
        shows s1_0 
    join
        movies m1_0 
            on m1_0.id=s1_0.movie_id 
    join
        theaters t1_0 
            on t1_0.id=s1_0.theater_id 
    left join
        users a1_0 
            on a1_0.id=t1_0.admin_id 
    left join
        cities c1_0 
            on c1_0.id=t1_0.city_id 
    where
        s1_0.show_id=?
Hibernate: 
    select
        s1_0.show_id,
        s1_0.created_at,
        s1_0.date,
        s1_0.movie_id,
        m1_0.id,
        m1_0.cast,
        m1_0.created_at,
        m1_0.description,
        m1_0.director,
        m1_0.duration,
        m1_0.genre,
        m1_0.language,
        m1_0.movie_name,
        m1_0.now_showing,
        m1_0.poster_url,
        m1_0.rating,
        m1_0.release_date,
        m1_0.trailer_url,
        m1_0.updated_at,
        s1_0.theater_id,
        t1_0.id,
        t1_0.address,
        a1_0.id,
        a1_0.address,
        a1_0.age,
        a1_0.city_id,
        a1_0.created_at,
        a1_0.email_id,
        a1_0.gender,
        a1_0.is_active,
        a1_0.mobile_no,
        a1_0.name,
        a1_0.password,
        a1_0.role,
        a1_0.updated_at,
        a1_0.wallet_balance,
        c1_0.id,
        c1_0.country,
        c1_0.created_at,
        c1_0.name,
        c1_0.state,
        t1_0.city,
        t1_0.created_at,
        t1_0.name,
        s1_0.time 
    from
        shows s1_0 
    join
        movies m1_0 
            on m1_0.id=s1_0.movie_id 
    join
        theaters t1_0 
            on t1_0.id=s1_0.theater_id 
    left join
        users a1_0 
            on a1_0.id=t1_0.admin_id 
    left join
        cities c1_0 
            on c1_0.id=t1_0.city_id 
    where
        s1_0.show_id=?
Hibernate: 
    select
        s1_0.show_id,
        s1_0.created_at,
        s1_0.date,
        s1_0.movie_id,
        m1_0.id,
        m1_0.cast,
        m1_0.created_at,
        m1_0.description,
        m1_0.director,
        m1_0.duration,
        m1_0.genre,
        m1_0.language,
        m1_0.movie_name,
        m1_0.now_showing,
        m1_0.poster_url,
        m1_0.rating,
        m1_0.release_date,
        m1_0.trailer_url,
        m1_0.updated_at,
        s1_0.theater_id,
        t1_0.id,
        t1_0.address,
        a1_0.id,
        a1_0.address,
        a1_0.age,
        a1_0.city_id,
        a1_0.created_at,
        a1_0.email_id,
        a1_0.gender,
        a1_0.is_active,
        a1_0.mobile_no,
        a1_0.name,
        a1_0.password,
        a1_0.role,
        a1_0.updated_at,
        a1_0.wallet_balance,
        c1_0.id,
        c1_0.country,
        c1_0.created_at,
        c1_0.name,
        c1_0.state,
        t1_0.city,
        t1_0.created_at,
        t1_0.name,
        s1_0.time 
    from
        shows s1_0 
    join
        movies m1_0 
            on m1_0.id=s1_0.movie_id 
    join
        theaters t1_0 
            on t1_0.id=s1_0.theater_id 
    left join
        users a1_0 
            on a1_0.id=t1_0.admin_id 
    left join
        cities c1_0 
            on c1_0.id=t1_0.city_id 
    where
        s1_0.show_id=?
Hibernate: 
    select
        s1_0.show_id,
        s1_0.created_at,
        s1_0.date,
        s1_0.movie_id,
        m1_0.id,
        m1_0.cast,
        m1_0.created_at,
        m1_0.description,
        m1_0.director,
        m1_0.duration,
        m1_0.genre,
        m1_0.language,
        m1_0.movie_name,
        m1_0.now_showing,
        m1_0.poster_url,
        m1_0.rating,
        m1_0.release_date,
        m1_0.trailer_url,
        m1_0.updated_at,
        s1_0.theater_id,
        t1_0.id,
        t1_0.address,
        a1_0.id,
        a1_0.address,
        a1_0.age,
        a1_0.city_id,
        a1_0.created_at,
        a1_0.email_id,
        a1_0.gender,
        a1_0.is_active,
        a1_0.mobile_no,
        a1_0.name,
        a1_0.password,
        a1_0.role,
        a1_0.updated_at,
        a1_0.wallet_balance,
        c1_0.id,
        c1_0.country,
        c1_0.created_at,
        c1_0.name,
        c1_0.state,
        t1_0.city,
        t1_0.created_at,
        t1_0.name,
        s1_0.time 
    from
        shows s1_0 
    join
        movies m1_0 
            on m1_0.id=s1_0.movie_id 
    join
        theaters t1_0 
            on t1_0.id=s1_0.theater_id 
    left join
        users a1_0 
            on a1_0.id=t1_0.admin_id 
    left join
        cities c1_0 
            on c1_0.id=t1_0.city_id 
    where
        s1_0.show_id=?
Hibernate: 
    select
        s1_0.show_id,
        s1_0.created_at,
        s1_0.date,
        s1_0.movie_id,
        m1_0.id,
        m1_0.cast,
        m1_0.created_at,
        m1_0.description,
        m1_0.director,
        m1_0.duration,
        m1_0.genre,
        m1_0.language,
        m1_0.movie_name,
        m1_0.now_showing,
        m1_0.poster_url,
        m1_0.rating,
        m1_0.release_date,
        m1_0.trailer_url,
        m1_0.updated_at,
        s1_0.theater_id,
        t1_0.id,
        t1_0.address,
        a1_0.id,
        a1_0.address,
        a1_0.age,
        a1_0.city_id,
        a1_0.created_at,
        a1_0.email_id,
        a1_0.gender,
        a1_0.is_active,
        a1_0.mobile_no,
        a1_0.name,
        a1_0.password,
        a1_0.role,
        a1_0.updated_at,
        a1_0.wallet_balance,
        c1_0.id,
        c1_0.country,
        c1_0.created_at,
        c1_0.name,
        c1_0.state,
        t1_0.city,
        t1_0.created_at,
        t1_0.name,
        s1_0.time 
    from
        shows s1_0 
    join
        movies m1_0 
            on m1_0.id=s1_0.movie_id 
    join
        theaters t1_0 
            on t1_0.id=s1_0.theater_id 
    left join
        users a1_0 
            on a1_0.id=t1_0.admin_id 
    left join
        cities c1_0 
            on c1_0.id=t1_0.city_id 
    where
        s1_0.show_id=?
Hibernate: 
    select
        s1_0.show_id,
        s1_0.created_at,
        s1_0.date,
        s1_0.movie_id,
        m1_0.id,
        m1_0.cast,
        m1_0.created_at,
        m1_0.description,
        m1_0.director,
        m1_0.duration,
        m1_0.genre,
        m1_0.language,
        m1_0.movie_name,
        m1_0.now_showing,
        m1_0.poster_url,
        m1_0.rating,
        m1_0.release_date,
        m1_0.trailer_url,
        m1_0.updated_at,
        s1_0.theater_id,
        t1_0.id,
        t1_0.address,
        a1_0.id,
        a1_0.address,
        a1_0.age,
        a1_0.city_id,
        a1_0.created_at,
        a1_0.email_id,
        a1_0.gender,
        a1_0.is_active,
        a1_0.mobile_no,
        a1_0.name,
        a1_0.password,
        a1_0.role,
        a1_0.updated_at,
        a1_0.wallet_balance,
        c1_0.id,
        c1_0.country,
        c1_0.created_at,
        c1_0.name,
        c1_0.state,
        t1_0.city,
        t1_0.created_at,
        t1_0.name,
        s1_0.time 
    from
        shows s1_0 
    join
        movies m1_0 
            on m1_0.id=s1_0.movie_id 
    join
        theaters t1_0 
            on t1_0.id=s1_0.theater_id 
    left join
        users a1_0 
            on a1_0.id=t1_0.admin_id 
    left join
        cities c1_0 
            on c1_0.id=t1_0.city_id 
    where
        s1_0.show_id=?
Hibernate: 
    select
        s1_0.show_id,
        s1_0.created_at,
        s1_0.date,
        s1_0.movie_id,
        m1_0.id,
        m1_0.cast,
        m1_0.created_at,
        m1_0.description,
        m1_0.director,
        m1_0.duration,
        m1_0.genre,
        m1_0.language,
        m1_0.movie_name,
        m1_0.now_showing,
        m1_0.poster_url,
        m1_0.rating,
        m1_0.release_date,
        m1_0.trailer_url,
        m1_0.updated_at,
        s1_0.theater_id,
        t1_0.id,
        t1_0.address,
        a1_0.id,
        a1_0.address,
        a1_0.age,
        a1_0.city_id,
        a1_0.created_at,
        a1_0.email_id,
        a1_0.gender,
        a1_0.is_active,
        a1_0.mobile_no,
        a1_0.name,
        a1_0.password,
        a1_0.role,
        a1_0.updated_at,
        a1_0.wallet_balance,
        c1_0.id,
        c1_0.country,
        c1_0.created_at,
        c1_0.name,
        c1_0.state,
        t1_0.city,
        t1_0.created_at,
        t1_0.name,
        s1_0.time 
    from
        shows s1_0 
    join
        movies m1_0 
            on m1_0.id=s1_0.movie_id 
    join
        theaters t1_0 
            on t1_0.id=s1_0.theater_id 
    left join
        users a1_0 
            on a1_0.id=t1_0.admin_id 
    left join
        cities c1_0 
            on c1_0.id=t1_0.city_id 
    where
        s1_0.show_id=?
Hibernate: 
    select
        s1_0.show_id,
        s1_0.created_at,
        s1_0.date,
        s1_0.movie_id,
        m1_0.id,
        m1_0.cast,
        m1_0.created_at,
        m1_0.description,
        m1_0.director,
        m1_0.duration,
        m1_0.genre,
        m1_0.language,
        m1_0.movie_name,
        m1_0.now_showing,
        m1_0.poster_url,
        m1_0.rating,
        m1_0.release_date,
        m1_0.trailer_url,
        m1_0.updated_at,
        s1_0.theater_id,
        t1_0.id,
        t1_0.address,
        a1_0.id,
        a1_0.address,
        a1_0.age,
        a1_0.city_id,
        a1_0.created_at,
        a1_0.email_id,
        a1_0.gender,
        a1_0.is_active,
        a1_0.mobile_no,
        a1_0.name,
        a1_0.password,
        a1_0.role,
        a1_0.updated_at,
        a1_0.wallet_balance,
        c1_0.id,
        c1_0.country,
        c1_0.created_at,
        c1_0.name,
        c1_0.state,
        t1_0.city,
        t1_0.created_at,
        t1_0.name,
        s1_0.time 
    from
        shows s1_0 
    join
        movies m1_0 
            on m1_0.id=s1_0.movie_id 
    join
        theaters t1_0 
            on t1_0.id=s1_0.theater_id 
    left join
        users a1_0 
            on a1_0.id=t1_0.admin_id 
    left join
        cities c1_0 
            on c1_0.id=t1_0.city_id 
    where
        s1_0.show_id=?
Hibernate: 
    select
        s1_0.show_id,
        s1_0.created_at,
        s1_0.date,
        s1_0.movie_id,
        m1_0.id,
        m1_0.cast,
        m1_0.created_at,
        m1_0.description,
        m1_0.director,
        m1_0.duration,
        m1_0.genre,
        m1_0.language,
        m1_0.movie_name,
        m1_0.now_showing,
        m1_0.poster_url,
        m1_0.rating,
        m1_0.release_date,
        m1_0.trailer_url,
        m1_0.updated_at,
        s1_0.theater_id,
        t1_0.id,
        t1_0.address,
        a1_0.id,
        a1_0.address,
        a1_0.age,
        a1_0.city_id,
        a1_0.created_at,
        a1_0.email_id,
        a1_0.gender,
        a1_0.is_active,
        a1_0.mobile_no,
        a1_0.name,
        a1_0.password,
        a1_0.role,
        a1_0.updated_at,
        a1_0.wallet_balance,
        c1_0.id,
        c1_0.country,
        c1_0.created_at,
        c1_0.name,
        c1_0.state,
        t1_0.city,
        t1_0.created_at,
        t1_0.name,
        s1_0.time 
    from
        shows s1_0 
    join
        movies m1_0 
            on m1_0.id=s1_0.movie_id 
    join
        theaters t1_0 
            on t1_0.id=s1_0.theater_id 
    left join
        users a1_0 
            on a1_0.id=t1_0.admin_id 
    left join
        cities c1_0 
            on c1_0.id=t1_0.city_id 
    where
        s1_0.show_id=?
Hibernate: 
    select
        s1_0.show_id,
        s1_0.created_at,
        s1_0.date,
        s1_0.movie_id,
        m1_0.id,
        m1_0.cast,
        m1_0.created_at,
        m1_0.description,
        m1_0.director,
        m1_0.duration,
        m1_0.genre,
        m1_0.language,
        m1_0.movie_name,
        m1_0.now_showing,
        m1_0.poster_url,
        m1_0.rating,
        m1_0.release_date,
        m1_0.trailer_url,
        m1_0.updated_at,
        s1_0.theater_id,
        t1_0.id,
        t1_0.address,
        a1_0.id,
        a1_0.address,
        a1_0.age,
        a1_0.city_id,
        a1_0.created_at,
        a1_0.email_id,
        a1_0.gender,
        a1_0.is_active,
        a1_0.mobile_no,
        a1_0.name,
        a1_0.password,
        a1_0.role,
        a1_0.updated_at,
        a1_0.wallet_balance,
        c1_0.id,
        c1_0.country,
        c1_0.created_at,
        c1_0.name,
        c1_0.state,
        t1_0.city,
        t1_0.created_at,
        t1_0.name,
        s1_0.time 
    from
        shows s1_0 
    join
        movies m1_0 
            on m1_0.id=s1_0.movie_id 
    join
        theaters t1_0 
            on t1_0.id=s1_0.theater_id 
    left join
        users a1_0 
            on a1_0.id=t1_0.admin_id 
    left join
        cities c1_0 
            on c1_0.id=t1_0.city_id 
    where
        s1_0.show_id=?
Hibernate: 
    select
        u1_0.id,
        u1_0.address,
        u1_0.age,
        u1_0.city_id,
        u1_0.created_at,
        u1_0.email_id,
        u1_0.gender,
        u1_0.is_active,
        u1_0.mobile_no,
        u1_0.name,
        u1_0.password,
        u1_0.role,
        u1_0.updated_at,
        u1_0.wallet_balance 
    from
        users u1_0 
    where
        u1_0.id=?
Hibernate: 
    select
        s1_0.show_id,
        s1_0.created_at,
        s1_0.date,
        s1_0.movie_id,
        m1_0.id,
        m1_0.cast,
        m1_0.created_at,
        m1_0.description,
        m1_0.director,
        m1_0.duration,
        m1_0.genre,
        m1_0.language,
        m1_0.movie_name,
        m1_0.now_showing,
        m1_0.poster_url,
        m1_0.rating,
        m1_0.release_date,
        m1_0.trailer_url,
        m1_0.updated_at,
        s1_0.theater_id,
        t1_0.id,
        t1_0.address,
        a1_0.id,
        a1_0.address,
        a1_0.age,
        a1_0.city_id,
        a1_0.created_at,
        a1_0.email_id,
        a1_0.gender,
        a1_0.is_active,
        a1_0.mobile_no,
        a1_0.name,
        a1_0.password,
        a1_0.role,
        a1_0.updated_at,
        a1_0.wallet_balance,
        c1_0.id,
        c1_0.country,
        c1_0.created_at,
        c1_0.name,
        c1_0.state,
        t1_0.city,
        t1_0.created_at,
        t1_0.name,
        s1_0.time 
    from
        shows s1_0 
    join
        movies m1_0 
            on m1_0.id=s1_0.movie_id 
    join
        theaters t1_0 
            on t1_0.id=s1_0.theater_id 
    left join
        users a1_0 
            on a1_0.id=t1_0.admin_id 
    left join
        cities c1_0 
            on c1_0.id=t1_0.city_id 
    where
        s1_0.show_id=?
Hibernate: 
    select
        u1_0.id,
        u1_0.address,
        u1_0.age,
        u1_0.city_id,
        u1_0.created_at,
        u1_0.email_id,
        u1_0.gender,
        u1_0.is_active,
        u1_0.mobile_no,
        u1_0.name,
        u1_0.password,
        u1_0.role,
        u1_0.updated_at,
        u1_0.wallet_balance 
    from
        users u1_0 
    where
        u1_0.id=?
Hibernate: 
    select
        s1_0.show_id,
        s1_0.created_at,
        s1_0.date,
        s1_0.movie_id,
        m1_0.id,
        m1_0.cast,
        m1_0.created_at,
        m1_0.description,
        m1_0.director,
        m1_0.duration,
        m1_0.genre,
        m1_0.language,
        m1_0.movie_name,
        m1_0.now_showing,
        m1_0.poster_url,
        m1_0.rating,
        m1_0.release_date,
        m1_0.trailer_url,
        m1_0.updated_at,
        s1_0.theater_id,
        t1_0.id,
        t1_0.address,
        a1_0.id,
        a1_0.address,
        a1_0.age,
        a1_0.city_id,
        a1_0.created_at,
        a1_0.email_id,
        a1_0.gender,
        a1_0.is_active,
        a1_0.mobile_no,
        a1_0.name,
        a1_0.password,
        a1_0.role,
        a1_0.updated_at,
        a1_0.wallet_balance,
        c1_0.id,
        c1_0.country,
        c1_0.created_at,
        c1_0.name,
        c1_0.state,
        t1_0.city,
        t1_0.created_at,
        t1_0.name,
        s1_0.time 
    from
        shows s1_0 
    join
        movies m1_0 
            on m1_0.id=s1_0.movie_id 
    join
        theaters t1_0 
            on t1_0.id=s1_0.theater_id 
    left join
        users a1_0 
            on a1_0.id=t1_0.admin_id 
    left join
        cities c1_0 
            on c1_0.id=t1_0.city_id 
    where
        s1_0.show_id=?
Hibernate: 
    select
        s1_0.show_id,
        s1_0.created_at,
        s1_0.date,
        s1_0.movie_id,
        m1_0.id,
        m1_0.cast,
        m1_0.created_at,
        m1_0.description,
        m1_0.director,
        m1_0.duration,
        m1_0.genre,
        m1_0.language,
        m1_0.movie_name,
        m1_0.now_showing,
        m1_0.poster_url,
        m1_0.rating,
        m1_0.release_date,
        m1_0.trailer_url,
        m1_0.updated_at,
        s1_0.theater_id,
        t1_0.id,
        t1_0.address,
        a1_0.id,
        a1_0.address,
        a1_0.age,
        a1_0.city_id,
        a1_0.created_at,
        a1_0.email_id,
        a1_0.gender,
        a1_0.is_active,
        a1_0.mobile_no,
        a1_0.name,
        a1_0.password,
        a1_0.role,
        a1_0.updated_at,
        a1_0.wallet_balance,
        c1_0.id,
        c1_0.country,
        c1_0.created_at,
        c1_0.name,
        c1_0.state,
        t1_0.city,
        t1_0.created_at,
        t1_0.name,
        s1_0.time 
    from
        shows s1_0 
    join
        movies m1_0 
            on m1_0.id=s1_0.movie_id 
    join
        theaters t1_0 
            on t1_0.id=s1_0.theater_id 
    left join
        users a1_0 
            on a1_0.id=t1_0.admin_id 
    left join
        cities c1_0 
            on c1_0.id=t1_0.city_id 
    where
        s1_0.show_id=?
Hibernate: 
    select
        s1_0.show_id,
        s1_0.created_at,
        s1_0.date,
        s1_0.movie_id,
        m1_0.id,
        m1_0.cast,
        m1_0.created_at,
        m1_0.description,
        m1_0.director,
        m1_0.duration,
        m1_0.genre,
        m1_0.language,
        m1_0.movie_name,
        m1_0.now_showing,
        m1_0.poster_url,
        m1_0.rating,
        m1_0.release_date,
        m1_0.trailer_url,
        m1_0.updated_at,
        s1_0.theater_id,
        t1_0.id,
        t1_0.address,
        a1_0.id,
        a1_0.address,
        a1_0.age,
        a1_0.city_id,
        a1_0.created_at,
        a1_0.email_id,
        a1_0.gender,
        a1_0.is_active,
        a1_0.mobile_no,
        a1_0.name,
        a1_0.password,
        a1_0.role,
        a1_0.updated_at,
        a1_0.wallet_balance,
        c1_0.id,
        c1_0.country,
        c1_0.created_at,
        c1_0.name,
        c1_0.state,
        t1_0.city,
        t1_0.created_at,
        t1_0.name,
        s1_0.time 
    from
        shows s1_0 
    join
        movies m1_0 
            on m1_0.id=s1_0.movie_id 
    join
        theaters t1_0 
            on t1_0.id=s1_0.theater_id 
    left join
        users a1_0 
            on a1_0.id=t1_0.admin_id 
    left join
        cities c1_0 
            on c1_0.id=t1_0.city_id 
    where
        s1_0.show_id=?
Hibernate: 
    select
        s1_0.show_id,
        s1_0.created_at,
        s1_0.date,
        s1_0.movie_id,
        m1_0.id,
        m1_0.cast,
        m1_0.created_at,
        m1_0.description,
        m1_0.director,
        m1_0.duration,
        m1_0.genre,
        m1_0.language,
        m1_0.movie_name,
        m1_0.now_showing,
        m1_0.poster_url,
        m1_0.rating,
        m1_0.release_date,
        m1_0.trailer_url,
        m1_0.updated_at,
        s1_0.theater_id,
        t1_0.id,
        t1_0.address,
        a1_0.id,
        a1_0.address,
        a1_0.age,
        a1_0.city_id,
        a1_0.created_at,
        a1_0.email_id,
        a1_0.gender,
        a1_0.is_active,
        a1_0.mobile_no,
        a1_0.name,
        a1_0.password,
        a1_0.role,
        a1_0.updated_at,
        a1_0.wallet_balance,
        c1_0.id,
        c1_0.country,
        c1_0.created_at,
        c1_0.name,
        c1_0.state,
        t1_0.city,
        t1_0.created_at,
        t1_0.name,
        s1_0.time 
    from
        shows s1_0 
    join
        movies m1_0 
            on m1_0.id=s1_0.movie_id 
    join
        theaters t1_0 
            on t1_0.id=s1_0.theater_id 
    left join
        users a1_0 
            on a1_0.id=t1_0.admin_id 
    left join
        cities c1_0 
            on c1_0.id=t1_0.city_id 
    where
        s1_0.show_id=?
Hibernate: 
    select
        s1_0.show_id,
        s1_0.created_at,
        s1_0.date,
        s1_0.movie_id,
        m1_0.id,
        m1_0.cast,
        m1_0.created_at,
        m1_0.description,
        m1_0.director,
        m1_0.duration,
        m1_0.genre,
        m1_0.language,
        m1_0.movie_name,
        m1_0.now_showing,
        m1_0.poster_url,
        m1_0.rating,
        m1_0.release_date,
        m1_0.trailer_url,
        m1_0.updated_at,
        s1_0.theater_id,
        t1_0.id,
        t1_0.address,
        a1_0.id,
        a1_0.address,
        a1_0.age,
        a1_0.city_id,
        a1_0.created_at,
        a1_0.email_id,
        a1_0.gender,
        a1_0.is_active,
        a1_0.mobile_no,
        a1_0.name,
        a1_0.password,
        a1_0.role,
        a1_0.updated_at,
        a1_0.wallet_balance,
        c1_0.id,
        c1_0.country,
        c1_0.created_at,
        c1_0.name,
        c1_0.state,
        t1_0.city,
        t1_0.created_at,
        t1_0.name,
        s1_0.time 
    from
        shows s1_0 
    join
        movies m1_0 
            on m1_0.id=s1_0.movie_id 
    join
        theaters t1_0 
            on t1_0.id=s1_0.theater_id 
    left join
        users a1_0 
            on a1_0.id=t1_0.admin_id 
    left join
        cities c1_0 
            on c1_0.id=t1_0.city_id 
    where
        s1_0.show_id=?
Hibernate: 
    select
        s1_0.show_id,
        s1_0.created_at,
        s1_0.date,
        s1_0.movie_id,
        m1_0.id,
        m1_0.cast,
        m1_0.created_at,
        m1_0.description,
        m1_0.director,
        m1_0.duration,
        m1_0.genre,
        m1_0.language,
        m1_0.movie_name,
        m1_0.now_showing,
        m1_0.poster_url,
        m1_0.rating,
        m1_0.release_date,
        m1_0.trailer_url,
        m1_0.updated_at,
        s1_0.theater_id,
        t1_0.id,
        t1_0.address,
        a1_0.id,
        a1_0.address,
        a1_0.age,
        a1_0.city_id,
        a1_0.created_at,
        a1_0.email_id,
        a1_0.gender,
        a1_0.is_active,
        a1_0.mobile_no,
        a1_0.name,
        a1_0.password,
        a1_0.role,
        a1_0.updated_at,
        a1_0.wallet_balance,
        c1_0.id,
        c1_0.country,
        c1_0.created_at,
        c1_0.name,
        c1_0.state,
        t1_0.city,
        t1_0.created_at,
        t1_0.name,
        s1_0.time 
    from
        shows s1_0 
    join
        movies m1_0 
            on m1_0.id=s1_0.movie_id 
    join
        theaters t1_0 
            on t1_0.id=s1_0.theater_id 
    left join
        users a1_0 
            on a1_0.id=t1_0.admin_id 
    left join
        cities c1_0 
            on c1_0.id=t1_0.city_id 
    where
        s1_0.show_id=?
Hibernate: 
    select
        s1_0.show_id,
        s1_0.created_at,
        s1_0.date,
        s1_0.movie_id,
        m1_0.id,
        m1_0.cast,
        m1_0.created_at,
        m1_0.description,
        m1_0.director,
        m1_0.duration,
        m1_0.genre,
        m1_0.language,
        m1_0.movie_name,
        m1_0.now_showing,
        m1_0.poster_url,
        m1_0.rating,
        m1_0.release_date,
        m1_0.trailer_url,
        m1_0.updated_at,
        s1_0.theater_id,
        t1_0.id,
        t1_0.address,
        a1_0.id,
        a1_0.address,
        a1_0.age,
        a1_0.city_id,
        a1_0.created_at,
        a1_0.email_id,
        a1_0.gender,
        a1_0.is_active,
        a1_0.mobile_no,
        a1_0.name,
        a1_0.password,
        a1_0.role,
        a1_0.updated_at,
        a1_0.wallet_balance,
        c1_0.id,
        c1_0.country,
        c1_0.created_at,
        c1_0.name,
        c1_0.state,
        t1_0.city,
        t1_0.created_at,
        t1_0.name,
        s1_0.time 
    from
        shows s1_0 
    join
        movies m1_0 
            on m1_0.id=s1_0.movie_id 
    join
        theaters t1_0 
            on t1_0.id=s1_0.theater_id 
    left join
        users a1_0 
            on a1_0.id=t1_0.admin_id 
    left join
        cities c1_0 
            on c1_0.id=t1_0.city_id 
    where
        s1_0.show_id=?
Hibernate: 
    select
        s1_0.show_id,
        s1_0.created_at,
        s1_0.date,
        s1_0.movie_id,
        m1_0.id,
        m1_0.cast,
        m1_0.created_at,
        m1_0.description,
        m1_0.director,
        m1_0.duration,
        m1_0.genre,
        m1_0.language,
        m1_0.movie_name,
        m1_0.now_showing,
        m1_0.poster_url,
        m1_0.rating,
        m1_0.release_date,
        m1_0.trailer_url,
        m1_0.updated_at,
        s1_0.theater_id,
        t1_0.id,
        t1_0.address,
        a1_0.id,
        a1_0.address,
        a1_0.age,
        a1_0.city_id,
        a1_0.created_at,
        a1_0.email_id,
        a1_0.gender,
        a1_0.is_active,
        a1_0.mobile_no,
        a1_0.name,
        a1_0.password,
        a1_0.role,
        a1_0.updated_at,
        a1_0.wallet_balance,
        c1_0.id,
        c1_0.country,
        c1_0.created_at,
        c1_0.name,
        c1_0.state,
        t1_0.city,
        t1_0.created_at,
        t1_0.name,
        s1_0.time 
    from
        shows s1_0 
    join
        movies m1_0 
            on m1_0.id=s1_0.movie_id 
    join
        theaters t1_0 
            on t1_0.id=s1_0.theater_id 
    left join
        users a1_0 
            on a1_0.id=t1_0.admin_id 
    left join
        cities c1_0 
            on c1_0.id=t1_0.city_id 
    where
        s1_0.show_id=?
Hibernate: 
    select
        s1_0.show_id,
        s1_0.created_at,
        s1_0.date,
        s1_0.movie_id,
        m1_0.id,
        m1_0.cast,
        m1_0.created_at,
        m1_0.description,
        m1_0.director,
        m1_0.duration,
        m1_0.genre,
        m1_0.language,
        m1_0.movie_name,
        m1_0.now_showing,
        m1_0.poster_url,
        m1_0.rating,
        m1_0.release_date,
        m1_0.trailer_url,
        m1_0.updated_at,
        s1_0.theater_id,
        t1_0.id,
        t1_0.address,
        a1_0.id,
        a1_0.address,
        a1_0.age,
        a1_0.city_id,
        a1_0.created_at,
        a1_0.email_id,
        a1_0.gender,
        a1_0.is_active,
        a1_0.mobile_no,
        a1_0.name,
        a1_0.password,
        a1_0.role,
        a1_0.updated_at,
        a1_0.wallet_balance,
        c1_0.id,
        c1_0.country,
        c1_0.created_at,
        c1_0.name,
        c1_0.state,
        t1_0.city,
        t1_0.created_at,
        t1_0.name,
        s1_0.time 
    from
        shows s1_0 
    join
        movies m1_0 
            on m1_0.id=s1_0.movie_id 
    join
        theaters t1_0 
            on t1_0.id=s1_0.theater_id 
    left join
        users a1_0 
            on a1_0.id=t1_0.admin_id 
    left join
        cities c1_0 
            on c1_0.id=t1_0.city_id 
    where
        s1_0.show_id=?
Hibernate: 
    select
        s1_0.show_id,
        s1_0.created_at,
        s1_0.date,
        s1_0.movie_id,
        m1_0.id,
        m1_0.cast,
        m1_0.created_at,
        m1_0.description,
        m1_0.director,
        m1_0.duration,
        m1_0.genre,
        m1_0.language,
        m1_0.movie_name,
        m1_0.now_showing,
        m1_0.poster_url,
        m1_0.rating,
        m1_0.release_date,
        m1_0.trailer_url,
        m1_0.updated_at,
        s1_0.theater_id,
        t1_0.id,
        t1_0.address,
        a1_0.id,
        a1_0.address,
        a1_0.age,
        a1_0.city_id,
        a1_0.created_at,
        a1_0.email_id,
        a1_0.gender,
        a1_0.is_active,
        a1_0.mobile_no,
        a1_0.name,
        a1_0.password,
        a1_0.role,
        a1_0.updated_at,
        a1_0.wallet_balance,
        c1_0.id,
        c1_0.country,
        c1_0.created_at,
        c1_0.name,
        c1_0.state,
        t1_0.city,
        t1_0.created_at,
        t1_0.name,
        s1_0.time 
    from
        shows s1_0 
    join
        movies m1_0 
            on m1_0.id=s1_0.movie_id 
    join
        theaters t1_0 
            on t1_0.id=s1_0.theater_id 
    left join
        users a1_0 
            on a1_0.id=t1_0.admin_id 
    left join
        cities c1_0 
            on c1_0.id=t1_0.city_id 
    where
        s1_0.show_id=?
Hibernate: 
    select
        s1_0.show_id,
        s1_0.created_at,
        s1_0.date,
        s1_0.movie_id,
        m1_0.id,
        m1_0.cast,
        m1_0.created_at,
        m1_0.description,
        m1_0.director,
        m1_0.duration,
        m1_0.genre,
        m1_0.language,
        m1_0.movie_name,
        m1_0.now_showing,
        m1_0.poster_url,
        m1_0.rating,
        m1_0.release_date,
        m1_0.trailer_url,
        m1_0.updated_at,
        s1_0.theater_id,
        t1_0.id,
        t1_0.address,
        a1_0.id,
        a1_0.address,
        a1_0.age,
        a1_0.city_id,
        a1_0.created_at,
        a1_0.email_id,
        a1_0.gender,
        a1_0.is_active,
        a1_0.mobile_no,
        a1_0.name,
        a1_0.password,
        a1_0.role,
        a1_0.updated_at,
        a1_0.wallet_balance,
        c1_0.id,
        c1_0.country,
        c1_0.created_at,
        c1_0.name,
        c1_0.state,
        t1_0.city,
        t1_0.created_at,
        t1_0.name,
        s1_0.time 
    from
        shows s1_0 
    join
        movies m1_0 
            on m1_0.id=s1_0.movie_id 
    join
        theaters t1_0 
            on t1_0.id=s1_0.theater_id 
    left join
        users a1_0 
            on a1_0.id=t1_0.admin_id 
    left join
        cities c1_0 
            on c1_0.id=t1_0.city_id 
    where
        s1_0.show_id=?
Hibernate: 
    select
        s1_0.show_id,
        s1_0.created_at,
        s1_0.date,
        s1_0.movie_id,
        m1_0.id,
        m1_0.cast,
        m1_0.created_at,
        m1_0.description,
        m1_0.director,
        m1_0.duration,
        m1_0.genre,
        m1_0.language,
        m1_0.movie_name,
        m1_0.now_showing,
        m1_0.poster_url,
        m1_0.rating,
        m1_0.release_date,
        m1_0.trailer_url,
        m1_0.updated_at,
        s1_0.theater_id,
        t1_0.id,
        t1_0.address,
        a1_0.id,
        a1_0.address,
        a1_0.age,
        a1_0.city_id,
        a1_0.created_at,
        a1_0.email_id,
        a1_0.gender,
        a1_0.is_active,
        a1_0.mobile_no,
        a1_0.name,
        a1_0.password,
        a1_0.role,
        a1_0.updated_at,
        a1_0.wallet_balance,
        c1_0.id,
        c1_0.country,
        c1_0.created_at,
        c1_0.name,
        c1_0.state,
        t1_0.city,
        t1_0.created_at,
        t1_0.name,
        s1_0.time 
    from
        shows s1_0 
    join
        movies m1_0 
            on m1_0.id=s1_0.movie_id 
    join
        theaters t1_0 
            on t1_0.id=s1_0.theater_id 
    left join
        users a1_0 
            on a1_0.id=t1_0.admin_id 
    left join
        cities c1_0 
            on c1_0.id=t1_0.city_id 
    where
        s1_0.show_id=?
Hibernate: 
    select
        s1_0.show_id,
        s1_0.created_at,
        s1_0.date,
        s1_0.movie_id,
        m1_0.id,
        m1_0.cast,
        m1_0.created_at,
        m1_0.description,
        m1_0.director,
        m1_0.duration,
        m1_0.genre,
        m1_0.language,
        m1_0.movie_name,
        m1_0.now_showing,
        m1_0.poster_url,
        m1_0.rating,
        m1_0.release_date,
        m1_0.trailer_url,
        m1_0.updated_at,
        s1_0.theater_id,
        t1_0.id,
        t1_0.address,
        a1_0.id,
        a1_0.address,
        a1_0.age,
        a1_0.city_id,
        a1_0.created_at,
        a1_0.email_id,
        a1_0.gender,
        a1_0.is_active,
        a1_0.mobile_no,
        a1_0.name,
        a1_0.password,
        a1_0.role,
        a1_0.updated_at,
        a1_0.wallet_balance,
        c1_0.id,
        c1_0.country,
        c1_0.created_at,
        c1_0.name,
        c1_0.state,
        t1_0.city,
        t1_0.created_at,
        t1_0.name,
        s1_0.time 
    from
        shows s1_0 
    join
        movies m1_0 
            on m1_0.id=s1_0.movie_id 
    join
        theaters t1_0 
            on t1_0.id=s1_0.theater_id 
    left join
        users a1_0 
            on a1_0.id=t1_0.admin_id 
    left join
        cities c1_0 
            on c1_0.id=t1_0.city_id 
    where
        s1_0.show_id=?
Hibernate: 
    select
        s1_0.show_id,
        s1_0.created_at,
        s1_0.date,
        s1_0.movie_id,
        m1_0.id,
        m1_0.cast,
        m1_0.created_at,
        m1_0.description,
        m1_0.director,
        m1_0.duration,
        m1_0.genre,
        m1_0.language,
        m1_0.movie_name,
        m1_0.now_showing,
        m1_0.poster_url,
        m1_0.rating,
        m1_0.release_date,
        m1_0.trailer_url,
        m1_0.updated_at,
        s1_0.theater_id,
        t1_0.id,
        t1_0.address,
        a1_0.id,
        a1_0.address,
        a1_0.age,
        a1_0.city_id,
        a1_0.created_at,
        a1_0.email_id,
        a1_0.gender,
        a1_0.is_active,
        a1_0.mobile_no,
        a1_0.name,
        a1_0.password,
        a1_0.role,
        a1_0.updated_at,
        a1_0.wallet_balance,
        c1_0.id,
        c1_0.country,
        c1_0.created_at,
        c1_0.name,
        c1_0.state,
        t1_0.city,
        t1_0.created_at,
        t1_0.name,
        s1_0.time 
    from
        shows s1_0 
    join
        movies m1_0 
            on m1_0.id=s1_0.movie_id 
    join
        theaters t1_0 
            on t1_0.id=s1_0.theater_id 
    left join
        users a1_0 
            on a1_0.id=t1_0.admin_id 
    left join
        cities c1_0 
            on c1_0.id=t1_0.city_id 
    where
        s1_0.show_id=?
Hibernate: 
    select
        s1_0.show_id,
        s1_0.created_at,
        s1_0.date,
        s1_0.movie_id,
        m1_0.id,
        m1_0.cast,
        m1_0.created_at,
        m1_0.description,
        m1_0.director,
        m1_0.duration,
        m1_0.genre,
        m1_0.language,
        m1_0.movie_name,
        m1_0.now_showing,
        m1_0.poster_url,
        m1_0.rating,
        m1_0.release_date,
        m1_0.trailer_url,
        m1_0.updated_at,
        s1_0.theater_id,
        t1_0.id,
        t1_0.address,
        a1_0.id,
        a1_0.address,
        a1_0.age,
        a1_0.city_id,
        a1_0.created_at,
        a1_0.email_id,
        a1_0.gender,
        a1_0.is_active,
        a1_0.mobile_no,
        a1_0.name,
        a1_0.password,
        a1_0.role,
        a1_0.updated_at,
        a1_0.wallet_balance,
        c1_0.id,
        c1_0.country,
        c1_0.created_at,
        c1_0.name,
        c1_0.state,
        t1_0.city,
        t1_0.created_at,
        t1_0.name,
        s1_0.time 
    from
        shows s1_0 
    join
        movies m1_0 
            on m1_0.id=s1_0.movie_id 
    join
        theaters t1_0 
            on t1_0.id=s1_0.theater_id 
    left join
        users a1_0 
            on a1_0.id=t1_0.admin_id 
    left join
        cities c1_0 
            on c1_0.id=t1_0.city_id 
    where
        s1_0.show_id=?
Hibernate: 
    select
        s1_0.show_id,
        s1_0.created_at,
        s1_0.date,
        s1_0.movie_id,
        m1_0.id,
        m1_0.cast,
        m1_0.created_at,
        m1_0.description,
        m1_0.director,
        m1_0.duration,
        m1_0.genre,
        m1_0.language,
        m1_0.movie_name,
        m1_0.now_showing,
        m1_0.poster_url,
        m1_0.rating,
        m1_0.release_date,
        m1_0.trailer_url,
        m1_0.updated_at,
        s1_0.theater_id,
        t1_0.id,
        t1_0.address,
        a1_0.id,
        a1_0.address,
        a1_0.age,
        a1_0.city_id,
        a1_0.created_at,
        a1_0.email_id,
        a1_0.gender,
        a1_0.is_active,
        a1_0.mobile_no,
        a1_0.name,
        a1_0.password,
        a1_0.role,
        a1_0.updated_at,
        a1_0.wallet_balance,
        c1_0.id,
        c1_0.country,
        c1_0.created_at,
        c1_0.name,
        c1_0.state,
        t1_0.city,
        t1_0.created_at,
        t1_0.name,
        s1_0.time 
    from
        shows s1_0 
    join
        movies m1_0 
            on m1_0.id=s1_0.movie_id 
    join
        theaters t1_0 
            on t1_0.id=s1_0.theater_id 
    left join
        users a1_0 
            on a1_0.id=t1_0.admin_id 
    left join
        cities c1_0 
            on c1_0.id=t1_0.city_id 
    where
        s1_0.show_id=?
Hibernate: 
    select
        u1_0.id,
        u1_0.address,
        u1_0.age,
        u1_0.city_id,
        u1_0.created_at,
        u1_0.email_id,
        u1_0.gender,
        u1_0.is_active,
        u1_0.mobile_no,
        u1_0.name,
        u1_0.password,
        u1_0.role,
        u1_0.updated_at,
        u1_0.wallet_balance 
    from
        users u1_0 
    where
        u1_0.id=?
Hibernate: 
    select
        u1_0.id,
        u1_0.address,
        u1_0.age,
        u1_0.city_id,
        u1_0.created_at,
        u1_0.email_id,
        u1_0.gender,
        u1_0.is_active,
        u1_0.mobile_no,
        u1_0.name,
        u1_0.password,
        u1_0.role,
        u1_0.updated_at,
        u1_0.wallet_balance 
    from
        users u1_0 
    where
        u1_0.id=?
Hibernate: 
    select
        u1_0.id,
        u1_0.address,
        u1_0.age,
        u1_0.city_id,
        u1_0.created_at,
        u1_0.email_id,
        u1_0.gender,
        u1_0.is_active,
        u1_0.mobile_no,
        u1_0.name,
        u1_0.password,
        u1_0.role,
        u1_0.updated_at,
        u1_0.wallet_balance 
    from
        users u1_0 
    where
        u1_0.id=?
Hibernate: 
    select
        u1_0.id,
        u1_0.address,
        u1_0.age,
        u1_0.city_id,
        u1_0.created_at,
        u1_0.email_id,
        u1_0.gender,
        u1_0.is_active,
        u1_0.mobile_no,
        u1_0.name,
        u1_0.password,
        u1_0.role,
        u1_0.updated_at,
        u1_0.wallet_balance 
    from
        users u1_0 
    where
        u1_0.id=?
Hibernate: 
    select
        s1_0.show_id,
        s1_0.created_at,
        s1_0.date,
        s1_0.movie_id,
        m1_0.id,
        m1_0.cast,
        m1_0.created_at,
        m1_0.description,
        m1_0.director,
        m1_0.duration,
        m1_0.genre,
        m1_0.language,
        m1_0.movie_name,
        m1_0.now_showing,
        m1_0.poster_url,
        m1_0.rating,
        m1_0.release_date,
        m1_0.trailer_url,
        m1_0.updated_at,
        s1_0.theater_id,
        t1_0.id,
        t1_0.address,
        a1_0.id,
        a1_0.address,
        a1_0.age,
        a1_0.city_id,
        a1_0.created_at,
        a1_0.email_id,
        a1_0.gender,
        a1_0.is_active,
        a1_0.mobile_no,
        a1_0.name,
        a1_0.password,
        a1_0.role,
        a1_0.updated_at,
        a1_0.wallet_balance,
        c1_0.id,
        c1_0.country,
        c1_0.created_at,
        c1_0.name,
        c1_0.state,
        t1_0.city,
        t1_0.created_at,
        t1_0.name,
        s1_0.time 
    from
        shows s1_0 
    join
        movies m1_0 
            on m1_0.id=s1_0.movie_id 
    join
        theaters t1_0 
            on t1_0.id=s1_0.theater_id 
    left join
        users a1_0 
            on a1_0.id=t1_0.admin_id 
    left join
        cities c1_0 
            on c1_0.id=t1_0.city_id 
    where
        s1_0.show_id=?
Hibernate: 
    select
        s1_0.show_id,
        s1_0.created_at,
        s1_0.date,
        s1_0.movie_id,
        m1_0.id,
        m1_0.cast,
        m1_0.created_at,
        m1_0.description,
        m1_0.director,
        m1_0.duration,
        m1_0.genre,
        m1_0.language,
        m1_0.movie_name,
        m1_0.now_showing,
        m1_0.poster_url,
        m1_0.rating,
        m1_0.release_date,
        m1_0.trailer_url,
        m1_0.updated_at,
        s1_0.theater_id,
        t1_0.id,
        t1_0.address,
        a1_0.id,
        a1_0.address,
        a1_0.age,
        a1_0.city_id,
        a1_0.created_at,
        a1_0.email_id,
        a1_0.gender,
        a1_0.is_active,
        a1_0.mobile_no,
        a1_0.name,
        a1_0.password,
        a1_0.role,
        a1_0.updated_at,
        a1_0.wallet_balance,
        c1_0.id,
        c1_0.country,
        c1_0.created_at,
        c1_0.name,
        c1_0.state,
        t1_0.city,
        t1_0.created_at,
        t1_0.name,
        s1_0.time 
    from
        shows s1_0 
    join
        movies m1_0 
            on m1_0.id=s1_0.movie_id 
    join
        theaters t1_0 
            on t1_0.id=s1_0.theater_id 
    left join
        users a1_0 
            on a1_0.id=t1_0.admin_id 
    left join
        cities c1_0 
            on c1_0.id=t1_0.city_id 
    where
        s1_0.show_id=?
Hibernate: 
    select
        s1_0.show_id,
        s1_0.created_at,
        s1_0.date,
        s1_0.movie_id,
        m1_0.id,
        m1_0.cast,
        m1_0.created_at,
        m1_0.description,
        m1_0.director,
        m1_0.duration,
        m1_0.genre,
        m1_0.language,
        m1_0.movie_name,
        m1_0.now_showing,
        m1_0.poster_url,
        m1_0.rating,
        m1_0.release_date,
        m1_0.trailer_url,
        m1_0.updated_at,
        s1_0.theater_id,
        t1_0.id,
        t1_0.address,
        a1_0.id,
        a1_0.address,
        a1_0.age,
        a1_0.city_id,
        a1_0.created_at,
        a1_0.email_id,
        a1_0.gender,
        a1_0.is_active,
        a1_0.mobile_no,
        a1_0.name,
        a1_0.password,
        a1_0.role,
        a1_0.updated_at,
        a1_0.wallet_balance,
        c1_0.id,
        c1_0.country,
        c1_0.created_at,
        c1_0.name,
        c1_0.state,
        t1_0.city,
        t1_0.created_at,
        t1_0.name,
        s1_0.time 
    from
        shows s1_0 
    join
        movies m1_0 
            on m1_0.id=s1_0.movie_id 
    join
        theaters t1_0 
            on t1_0.id=s1_0.theater_id 
    left join
        users a1_0 
            on a1_0.id=t1_0.admin_id 
    left join
        cities c1_0 
            on c1_0.id=t1_0.city_id 
    where
        s1_0.show_id=?
Hibernate: 
    select
        s1_0.show_id,
        s1_0.created_at,
        s1_0.date,
        s1_0.movie_id,
        m1_0.id,
        m1_0.cast,
        m1_0.created_at,
        m1_0.description,
        m1_0.director,
        m1_0.duration,
        m1_0.genre,
        m1_0.language,
        m1_0.movie_name,
        m1_0.now_showing,
        m1_0.poster_url,
        m1_0.rating,
        m1_0.release_date,
        m1_0.trailer_url,
        m1_0.updated_at,
        s1_0.theater_id,
        t1_0.id,
        t1_0.address,
        a1_0.id,
        a1_0.address,
        a1_0.age,
        a1_0.city_id,
        a1_0.created_at,
        a1_0.email_id,
        a1_0.gender,
        a1_0.is_active,
        a1_0.mobile_no,
        a1_0.name,
        a1_0.password,
        a1_0.role,
        a1_0.updated_at,
        a1_0.wallet_balance,
        c1_0.id,
        c1_0.country,
        c1_0.created_at,
        c1_0.name,
        c1_0.state,
        t1_0.city,
        t1_0.created_at,
        t1_0.name,
        s1_0.time 
    from
        shows s1_0 
    join
        movies m1_0 
            on m1_0.id=s1_0.movie_id 
    join
        theaters t1_0 
            on t1_0.id=s1_0.theater_id 
    left join
        users a1_0 
            on a1_0.id=t1_0.admin_id 
    left join
        cities c1_0 
            on c1_0.id=t1_0.city_id 
    where
        s1_0.show_id=?
Hibernate: 
    select
        s1_0.show_id,
        s1_0.created_at,
        s1_0.date,
        s1_0.movie_id,
        m1_0.id,
        m1_0.cast,
        m1_0.created_at,
        m1_0.description,
        m1_0.director,
        m1_0.duration,
        m1_0.genre,
        m1_0.language,
        m1_0.movie_name,
        m1_0.now_showing,
        m1_0.poster_url,
        m1_0.rating,
        m1_0.release_date,
        m1_0.trailer_url,
        m1_0.updated_at,
        s1_0.theater_id,
        t1_0.id,
        t1_0.address,
        a1_0.id,
        a1_0.address,
        a1_0.age,
        a1_0.city_id,
        a1_0.created_at,
        a1_0.email_id,
        a1_0.gender,
        a1_0.is_active,
        a1_0.mobile_no,
        a1_0.name,
        a1_0.password,
        a1_0.role,
        a1_0.updated_at,
        a1_0.wallet_balance,
        c1_0.id,
        c1_0.country,
        c1_0.created_at,
        c1_0.name,
        c1_0.state,
        t1_0.city,
        t1_0.created_at,
        t1_0.name,
        s1_0.time 
    from
        shows s1_0 
    join
        movies m1_0 
            on m1_0.id=s1_0.movie_id 
    join
        theaters t1_0 
            on t1_0.id=s1_0.theater_id 
    left join
        users a1_0 
            on a1_0.id=t1_0.admin_id 
    left join
        cities c1_0 
            on c1_0.id=t1_0.city_id 
    where
        s1_0.show_id=?
Hibernate: 
    select
        s1_0.show_id,
        s1_0.created_at,
        s1_0.date,
        s1_0.movie_id,
        m1_0.id,
        m1_0.cast,
        m1_0.created_at,
        m1_0.description,
        m1_0.director,
        m1_0.duration,
        m1_0.genre,
        m1_0.language,
        m1_0.movie_name,
        m1_0.now_showing,
        m1_0.poster_url,
        m1_0.rating,
        m1_0.release_date,
        m1_0.trailer_url,
        m1_0.updated_at,
        s1_0.theater_id,
        t1_0.id,
        t1_0.address,
        a1_0.id,
        a1_0.address,
        a1_0.age,
        a1_0.city_id,
        a1_0.created_at,
        a1_0.email_id,
        a1_0.gender,
        a1_0.is_active,
        a1_0.mobile_no,
        a1_0.name,
        a1_0.password,
        a1_0.role,
        a1_0.updated_at,
        a1_0.wallet_balance,
        c1_0.id,
        c1_0.country,
        c1_0.created_at,
        c1_0.name,
        c1_0.state,
        t1_0.city,
        t1_0.created_at,
        t1_0.name,
        s1_0.time 
    from
        shows s1_0 
    join
        movies m1_0 
            on m1_0.id=s1_0.movie_id 
    join
        theaters t1_0 
            on t1_0.id=s1_0.theater_id 
    left join
        users a1_0 
            on a1_0.id=t1_0.admin_id 
    left join
        cities c1_0 
            on c1_0.id=t1_0.city_id 
    where
        s1_0.show_id=?
Hibernate: 
    select
        s1_0.show_id,
        s1_0.created_at,
        s1_0.date,
        s1_0.movie_id,
        m1_0.id,
        m1_0.cast,
        m1_0.created_at,
        m1_0.description,
        m1_0.director,
        m1_0.duration,
        m1_0.genre,
        m1_0.language,
        m1_0.movie_name,
        m1_0.now_showing,
        m1_0.poster_url,
        m1_0.rating,
        m1_0.release_date,
        m1_0.trailer_url,
        m1_0.updated_at,
        s1_0.theater_id,
        t1_0.id,
        t1_0.address,
        a1_0.id,
        a1_0.address,
        a1_0.age,
        a1_0.city_id,
        a1_0.created_at,
        a1_0.email_id,
        a1_0.gender,
        a1_0.is_active,
        a1_0.mobile_no,
        a1_0.name,
        a1_0.password,
        a1_0.role,
        a1_0.updated_at,
        a1_0.wallet_balance,
        c1_0.id,
        c1_0.country,
        c1_0.created_at,
        c1_0.name,
        c1_0.state,
        t1_0.city,
        t1_0.created_at,
        t1_0.name,
        s1_0.time 
    from
        shows s1_0 
    join
        movies m1_0 
            on m1_0.id=s1_0.movie_id 
    join
        theaters t1_0 
            on t1_0.id=s1_0.theater_id 
    left join
        users a1_0 
            on a1_0.id=t1_0.admin_id 
    left join
        cities c1_0 
            on c1_0.id=t1_0.city_id 
    where
        s1_0.show_id=?
Hibernate: 
    select
        s1_0.show_id,
        s1_0.created_at,
        s1_0.date,
        s1_0.movie_id,
        m1_0.id,
        m1_0.cast,
        m1_0.created_at,
        m1_0.description,
        m1_0.director,
        m1_0.duration,
        m1_0.genre,
        m1_0.language,
        m1_0.movie_name,
        m1_0.now_showing,
        m1_0.poster_url,
        m1_0.rating,
        m1_0.release_date,
        m1_0.trailer_url,
        m1_0.updated_at,
        s1_0.theater_id,
        t1_0.id,
        t1_0.address,
        a1_0.id,
        a1_0.address,
        a1_0.age,
        a1_0.city_id,
        a1_0.created_at,
        a1_0.email_id,
        a1_0.gender,
        a1_0.is_active,
        a1_0.mobile_no,
        a1_0.name,
        a1_0.password,
        a1_0.role,
        a1_0.updated_at,
        a1_0.wallet_balance,
        c1_0.id,
        c1_0.country,
        c1_0.created_at,
        c1_0.name,
        c1_0.state,
        t1_0.city,
        t1_0.created_at,
        t1_0.name,
        s1_0.time 
    from
        shows s1_0 
    join
        movies m1_0 
            on m1_0.id=s1_0.movie_id 
    join
        theaters t1_0 
            on t1_0.id=s1_0.theater_id 
    left join
        users a1_0 
            on a1_0.id=t1_0.admin_id 
    left join
        cities c1_0 
            on c1_0.id=t1_0.city_id 
    where
        s1_0.show_id=?
Hibernate: 
    select
        u1_0.id,
        u1_0.address,
        u1_0.age,
        u1_0.city_id,
        u1_0.created_at,
        u1_0.email_id,
        u1_0.gender,
        u1_0.is_active,
        u1_0.mobile_no,
        u1_0.name,
        u1_0.password,
        u1_0.role,
        u1_0.updated_at,
        u1_0.wallet_balance 
    from
        users u1_0 
    where
        u1_0.id=?
Hibernate: 
    select
        u1_0.id,
        u1_0.address,
        u1_0.age,
        u1_0.city_id,
        u1_0.created_at,
        u1_0.email_id,
        u1_0.gender,
        u1_0.is_active,
        u1_0.mobile_no,
        u1_0.name,
        u1_0.password,
        u1_0.role,
        u1_0.updated_at,
        u1_0.wallet_balance 
    from
        users u1_0 
    where
        u1_0.id=?
Hibernate: 
    select
        s1_0.show_id,
        s1_0.created_at,
        s1_0.date,
        s1_0.movie_id,
        m1_0.id,
        m1_0.cast,
        m1_0.created_at,
        m1_0.description,
        m1_0.director,
        m1_0.duration,
        m1_0.genre,
        m1_0.language,
        m1_0.movie_name,
        m1_0.now_showing,
        m1_0.poster_url,
        m1_0.rating,
        m1_0.release_date,
        m1_0.trailer_url,
        m1_0.updated_at,
        s1_0.theater_id,
        t1_0.id,
        t1_0.address,
        a1_0.id,
        a1_0.address,
        a1_0.age,
        a1_0.city_id,
        a1_0.created_at,
        a1_0.email_id,
        a1_0.gender,
        a1_0.is_active,
        a1_0.mobile_no,
        a1_0.name,
        a1_0.password,
        a1_0.role,
        a1_0.updated_at,
        a1_0.wallet_balance,
        c1_0.id,
        c1_0.country,
        c1_0.created_at,
        c1_0.name,
        c1_0.state,
        t1_0.city,
        t1_0.created_at,
        t1_0.name,
        s1_0.time 
    from
        shows s1_0 
    join
        movies m1_0 
            on m1_0.id=s1_0.movie_id 
    join
        theaters t1_0 
            on t1_0.id=s1_0.theater_id 
    left join
        users a1_0 
            on a1_0.id=t1_0.admin_id 
    left join
        cities c1_0 
            on c1_0.id=t1_0.city_id 
    where
        s1_0.show_id=?
Hibernate: 
    select
        s1_0.show_id,
        s1_0.created_at,
        s1_0.date,
        s1_0.movie_id,
        m1_0.id,
        m1_0.cast,
        m1_0.created_at,
        m1_0.description,
        m1_0.director,
        m1_0.duration,
        m1_0.genre,
        m1_0.language,
        m1_0.movie_name,
        m1_0.now_showing,
        m1_0.poster_url,
        m1_0.rating,
        m1_0.release_date,
        m1_0.trailer_url,
        m1_0.updated_at,
        s1_0.theater_id,
        t1_0.id,
        t1_0.address,
        a1_0.id,
        a1_0.address,
        a1_0.age,
        a1_0.city_id,
        a1_0.created_at,
        a1_0.email_id,
        a1_0.gender,
        a1_0.is_active,
        a1_0.mobile_no,
        a1_0.name,
        a1_0.password,
        a1_0.role,
        a1_0.updated_at,
        a1_0.wallet_balance,
        c1_0.id,
        c1_0.country,
        c1_0.created_at,
        c1_0.name,
        c1_0.state,
        t1_0.city,
        t1_0.created_at,
        t1_0.name,
        s1_0.time 
    from
        shows s1_0 
    join
        movies m1_0 
            on m1_0.id=s1_0.movie_id 
    join
        theaters t1_0 
            on t1_0.id=s1_0.theater_id 
    left join
        users a1_0 
            on a1_0.id=t1_0.admin_id 
    left join
        cities c1_0 
            on c1_0.id=t1_0.city_id 
    where
        s1_0.show_id=?
Hibernate: 
    select
        s1_0.show_id,
        s1_0.created_at,
        s1_0.date,
        s1_0.movie_id,
        m1_0.id,
        m1_0.cast,
        m1_0.created_at,
        m1_0.description,
        m1_0.director,
        m1_0.duration,
        m1_0.genre,
        m1_0.language,
        m1_0.movie_name,
        m1_0.now_showing,
        m1_0.poster_url,
        m1_0.rating,
        m1_0.release_date,
        m1_0.trailer_url,
        m1_0.updated_at,
        s1_0.theater_id,
        t1_0.id,
        t1_0.address,
        a1_0.id,
        a1_0.address,
        a1_0.age,
        a1_0.city_id,
        a1_0.created_at,
        a1_0.email_id,
        a1_0.gender,
        a1_0.is_active,
        a1_0.mobile_no,
        a1_0.name,
        a1_0.password,
        a1_0.role,
        a1_0.updated_at,
        a1_0.wallet_balance,
        c1_0.id,
        c1_0.country,
        c1_0.created_at,
        c1_0.name,
        c1_0.state,
        t1_0.city,
        t1_0.created_at,
        t1_0.name,
        s1_0.time 
    from
        shows s1_0 
    join
        movies m1_0 
            on m1_0.id=s1_0.movie_id 
    join
        theaters t1_0 
            on t1_0.id=s1_0.theater_id 
    left join
        users a1_0 
            on a1_0.id=t1_0.admin_id 
    left join
        cities c1_0 
            on c1_0.id=t1_0.city_id 
    where
        s1_0.show_id=?
Hibernate: 
    select
        s1_0.show_id,
        s1_0.created_at,
        s1_0.date,
        s1_0.movie_id,
        m1_0.id,
        m1_0.cast,
        m1_0.created_at,
        m1_0.description,
        m1_0.director,
        m1_0.duration,
        m1_0.genre,
        m1_0.language,
        m1_0.movie_name,
        m1_0.now_showing,
        m1_0.poster_url,
        m1_0.rating,
        m1_0.release_date,
        m1_0.trailer_url,
        m1_0.updated_at,
        s1_0.theater_id,
        t1_0.id,
        t1_0.address,
        a1_0.id,
        a1_0.address,
        a1_0.age,
        a1_0.city_id,
        a1_0.created_at,
        a1_0.email_id,
        a1_0.gender,
        a1_0.is_active,
        a1_0.mobile_no,
        a1_0.name,
        a1_0.password,
        a1_0.role,
        a1_0.updated_at,
        a1_0.wallet_balance,
        c1_0.id,
        c1_0.country,
        c1_0.created_at,
        c1_0.name,
        c1_0.state,
        t1_0.city,
        t1_0.created_at,
        t1_0.name,
        s1_0.time 
    from
        shows s1_0 
    join
        movies m1_0 
            on m1_0.id=s1_0.movie_id 
    join
        theaters t1_0 
            on t1_0.id=s1_0.theater_id 
    left join
        users a1_0 
            on a1_0.id=t1_0.admin_id 
    left join
        cities c1_0 
            on c1_0.id=t1_0.city_id 
    where
        s1_0.show_id=?
Hibernate: 
    select
        s1_0.show_id,
        s1_0.created_at,
        s1_0.date,
        s1_0.movie_id,
        m1_0.id,
        m1_0.cast,
        m1_0.created_at,
        m1_0.description,
        m1_0.director,
        m1_0.duration,
        m1_0.genre,
        m1_0.language,
        m1_0.movie_name,
        m1_0.now_showing,
        m1_0.poster_url,
        m1_0.rating,
        m1_0.release_date,
        m1_0.trailer_url,
        m1_0.updated_at,
        s1_0.theater_id,
        t1_0.id,
        t1_0.address,
        a1_0.id,
        a1_0.address,
        a1_0.age,
        a1_0.city_id,
        a1_0.created_at,
        a1_0.email_id,
        a1_0.gender,
        a1_0.is_active,
        a1_0.mobile_no,
        a1_0.name,
        a1_0.password,
        a1_0.role,
        a1_0.updated_at,
        a1_0.wallet_balance,
        c1_0.id,
        c1_0.country,
        c1_0.created_at,
        c1_0.name,
        c1_0.state,
        t1_0.city,
        t1_0.created_at,
        t1_0.name,
        s1_0.time 
    from
        shows s1_0 
    join
        movies m1_0 
            on m1_0.id=s1_0.movie_id 
    join
        theaters t1_0 
            on t1_0.id=s1_0.theater_id 
    left join
        users a1_0 
            on a1_0.id=t1_0.admin_id 
    left join
        cities c1_0 
            on c1_0.id=t1_0.city_id 
    where
        s1_0.show_id=?
Hibernate: 
    select
        s1_0.show_id,
        s1_0.created_at,
        s1_0.date,
        s1_0.movie_id,
        m1_0.id,
        m1_0.cast,
        m1_0.created_at,
        m1_0.description,
        m1_0.director,
        m1_0.duration,
        m1_0.genre,
        m1_0.language,
        m1_0.movie_name,
        m1_0.now_showing,
        m1_0.poster_url,
        m1_0.rating,
        m1_0.release_date,
        m1_0.trailer_url,
        m1_0.updated_at,
        s1_0.theater_id,
        t1_0.id,
        t1_0.address,
        a1_0.id,
        a1_0.address,
        a1_0.age,
        a1_0.city_id,
        a1_0.created_at,
        a1_0.email_id,
        a1_0.gender,
        a1_0.is_active,
        a1_0.mobile_no,
        a1_0.name,
        a1_0.password,
        a1_0.role,
        a1_0.updated_at,
        a1_0.wallet_balance,
        c1_0.id,
        c1_0.country,
        c1_0.created_at,
        c1_0.name,
        c1_0.state,
        t1_0.city,
        t1_0.created_at,
        t1_0.name,
        s1_0.time 
    from
        shows s1_0 
    join
        movies m1_0 
            on m1_0.id=s1_0.movie_id 
    join
        theaters t1_0 
            on t1_0.id=s1_0.theater_id 
    left join
        users a1_0 
            on a1_0.id=t1_0.admin_id 
    left join
        cities c1_0 
            on c1_0.id=t1_0.city_id 
    where
        s1_0.show_id=?
Hibernate: 
    select
        s1_0.show_id,
        s1_0.created_at,
        s1_0.date,
        s1_0.movie_id,
        m1_0.id,
        m1_0.cast,
        m1_0.created_at,
        m1_0.description,
        m1_0.director,
        m1_0.duration,
        m1_0.genre,
        m1_0.language,
        m1_0.movie_name,
        m1_0.now_showing,
        m1_0.poster_url,
        m1_0.rating,
        m1_0.release_date,
        m1_0.trailer_url,
        m1_0.updated_at,
        s1_0.theater_id,
        t1_0.id,
        t1_0.address,
        a1_0.id,
        a1_0.address,
        a1_0.age,
        a1_0.city_id,
        a1_0.created_at,
        a1_0.email_id,
        a1_0.gender,
        a1_0.is_active,
        a1_0.mobile_no,
        a1_0.name,
        a1_0.password,
        a1_0.role,
        a1_0.updated_at,
        a1_0.wallet_balance,
        c1_0.id,
        c1_0.country,
        c1_0.created_at,
        c1_0.name,
        c1_0.state,
        t1_0.city,
        t1_0.created_at,
        t1_0.name,
        s1_0.time 
    from
        shows s1_0 
    join
        movies m1_0 
            on m1_0.id=s1_0.movie_id 
    join
        theaters t1_0 
            on t1_0.id=s1_0.theater_id 
    left join
        users a1_0 
            on a1_0.id=t1_0.admin_id 
    left join
        cities c1_0 
            on c1_0.id=t1_0.city_id 
    where
        s1_0.show_id=?
Hibernate: 
    select
        s1_0.show_id,
        s1_0.created_at,
        s1_0.date,
        s1_0.movie_id,
        m1_0.id,
        m1_0.cast,
        m1_0.created_at,
        m1_0.description,
        m1_0.director,
        m1_0.duration,
        m1_0.genre,
        m1_0.language,
        m1_0.movie_name,
        m1_0.now_showing,
        m1_0.poster_url,
        m1_0.rating,
        m1_0.release_date,
        m1_0.trailer_url,
        m1_0.updated_at,
        s1_0.theater_id,
        t1_0.id,
        t1_0.address,
        a1_0.id,
        a1_0.address,
        a1_0.age,
        a1_0.city_id,
        a1_0.created_at,
        a1_0.email_id,
        a1_0.gender,
        a1_0.is_active,
        a1_0.mobile_no,
        a1_0.name,
        a1_0.password,
        a1_0.role,
        a1_0.updated_at,
        a1_0.wallet_balance,
        c1_0.id,
        c1_0.country,
        c1_0.created_at,
        c1_0.name,
        c1_0.state,
        t1_0.city,
        t1_0.created_at,
        t1_0.name,
        s1_0.time 
    from
        shows s1_0 
    join
        movies m1_0 
            on m1_0.id=s1_0.movie_id 
    join
        theaters t1_0 
            on t1_0.id=s1_0.theater_id 
    left join
        users a1_0 
            on a1_0.id=t1_0.admin_id 
    left join
        cities c1_0 
            on c1_0.id=t1_0.city_id 
    where
        s1_0.show_id=?
Hibernate: 
    select
        s1_0.show_id,
        s1_0.created_at,
        s1_0.date,
        s1_0.movie_id,
        m1_0.id,
        m1_0.cast,
        m1_0.created_at,
        m1_0.description,
        m1_0.director,
        m1_0.duration,
        m1_0.genre,
        m1_0.language,
        m1_0.movie_name,
        m1_0.now_showing,
        m1_0.poster_url,
        m1_0.rating,
        m1_0.release_date,
        m1_0.trailer_url,
        m1_0.updated_at,
        s1_0.theater_id,
        t1_0.id,
        t1_0.address,
        a1_0.id,
        a1_0.address,
        a1_0.age,
        a1_0.city_id,
        a1_0.created_at,
        a1_0.email_id,
        a1_0.gender,
        a1_0.is_active,
        a1_0.mobile_no,
        a1_0.name,
        a1_0.password,
        a1_0.role,
        a1_0.updated_at,
        a1_0.wallet_balance,
        c1_0.id,
        c1_0.country,
        c1_0.created_at,
        c1_0.name,
        c1_0.state,
        t1_0.city,
        t1_0.created_at,
        t1_0.name,
        s1_0.time 
    from
        shows s1_0 
    join
        movies m1_0 
            on m1_0.id=s1_0.movie_id 
    join
        theaters t1_0 
            on t1_0.id=s1_0.theater_id 
    left join
        users a1_0 
            on a1_0.id=t1_0.admin_id 
    left join
        cities c1_0 
            on c1_0.id=t1_0.city_id 
    where
        s1_0.show_id=?
Hibernate: 
    select
        s1_0.show_id,
        s1_0.created_at,
        s1_0.date,
        s1_0.movie_id,
        m1_0.id,
        m1_0.cast,
        m1_0.created_at,
        m1_0.description,
        m1_0.director,
        m1_0.duration,
        m1_0.genre,
        m1_0.language,
        m1_0.movie_name,
        m1_0.now_showing,
        m1_0.poster_url,
        m1_0.rating,
        m1_0.release_date,
        m1_0.trailer_url,
        m1_0.updated_at,
        s1_0.theater_id,
        t1_0.id,
        t1_0.address,
        a1_0.id,
        a1_0.address,
        a1_0.age,
        a1_0.city_id,
        a1_0.created_at,
        a1_0.email_id,
        a1_0.gender,
        a1_0.is_active,
        a1_0.mobile_no,
        a1_0.name,
        a1_0.password,
        a1_0.role,
        a1_0.updated_at,
        a1_0.wallet_balance,
        c1_0.id,
        c1_0.country,
        c1_0.created_at,
        c1_0.name,
        c1_0.state,
        t1_0.city,
        t1_0.created_at,
        t1_0.name,
        s1_0.time 
    from
        shows s1_0 
    join
        movies m1_0 
            on m1_0.id=s1_0.movie_id 
    join
        theaters t1_0 
            on t1_0.id=s1_0.theater_id 
    left join
        users a1_0 
            on a1_0.id=t1_0.admin_id 
    left join
        cities c1_0 
            on c1_0.id=t1_0.city_id 
    where
        s1_0.show_id=?
Hibernate: 
    select
        s1_0.show_id,
        s1_0.created_at,
        s1_0.date,
        s1_0.movie_id,
        m1_0.id,
        m1_0.cast,
        m1_0.created_at,
        m1_0.description,
        m1_0.director,
        m1_0.duration,
        m1_0.genre,
        m1_0.language,
        m1_0.movie_name,
        m1_0.now_showing,
        m1_0.poster_url,
        m1_0.rating,
        m1_0.release_date,
        m1_0.trailer_url,
        m1_0.updated_at,
        s1_0.theater_id,
        t1_0.id,
        t1_0.address,
        a1_0.id,
        a1_0.address,
        a1_0.age,
        a1_0.city_id,
        a1_0.created_at,
        a1_0.email_id,
        a1_0.gender,
        a1_0.is_active,
        a1_0.mobile_no,
        a1_0.name,
        a1_0.password,
        a1_0.role,
        a1_0.updated_at,
        a1_0.wallet_balance,
        c1_0.id,
        c1_0.country,
        c1_0.created_at,
        c1_0.name,
        c1_0.state,
        t1_0.city,
        t1_0.created_at,
        t1_0.name,
        s1_0.time 
    from
        shows s1_0 
    join
        movies m1_0 
            on m1_0.id=s1_0.movie_id 
    join
        theaters t1_0 
            on t1_0.id=s1_0.theater_id 
    left join
        users a1_0 
            on a1_0.id=t1_0.admin_id 
    left join
        cities c1_0 
            on c1_0.id=t1_0.city_id 
    where
        s1_0.show_id=?
Hibernate: 
    select
        s1_0.show_id,
        s1_0.created_at,
        s1_0.date,
        s1_0.movie_id,
        m1_0.id,
        m1_0.cast,
        m1_0.created_at,
        m1_0.description,
        m1_0.director,
        m1_0.duration,
        m1_0.genre,
        m1_0.language,
        m1_0.movie_name,
        m1_0.now_showing,
        m1_0.poster_url,
        m1_0.rating,
        m1_0.release_date,
        m1_0.trailer_url,
        m1_0.updated_at,
        s1_0.theater_id,
        t1_0.id,
        t1_0.address,
        a1_0.id,
        a1_0.address,
        a1_0.age,
        a1_0.city_id,
        a1_0.created_at,
        a1_0.email_id,
        a1_0.gender,
        a1_0.is_active,
        a1_0.mobile_no,
        a1_0.name,
        a1_0.password,
        a1_0.role,
        a1_0.updated_at,
        a1_0.wallet_balance,
        c1_0.id,
        c1_0.country,
        c1_0.created_at,
        c1_0.name,
        c1_0.state,
        t1_0.city,
        t1_0.created_at,
        t1_0.name,
        s1_0.time 
    from
        shows s1_0 
    join
        movies m1_0 
            on m1_0.id=s1_0.movie_id 
    join
        theaters t1_0 
            on t1_0.id=s1_0.theater_id 
    left join
        users a1_0 
            on a1_0.id=t1_0.admin_id 
    left join
        cities c1_0 
            on c1_0.id=t1_0.city_id 
    where
        s1_0.show_id=?
Hibernate: 
    select
        s1_0.show_id,
        s1_0.created_at,
        s1_0.date,
        s1_0.movie_id,
        m1_0.id,
        m1_0.cast,
        m1_0.created_at,
        m1_0.description,
        m1_0.director,
        m1_0.duration,
        m1_0.genre,
        m1_0.language,
        m1_0.movie_name,
        m1_0.now_showing,
        m1_0.poster_url,
        m1_0.rating,
        m1_0.release_date,
        m1_0.trailer_url,
        m1_0.updated_at,
        s1_0.theater_id,
        t1_0.id,
        t1_0.address,
        a1_0.id,
        a1_0.address,
        a1_0.age,
        a1_0.city_id,
        a1_0.created_at,
        a1_0.email_id,
        a1_0.gender,
        a1_0.is_active,
        a1_0.mobile_no,
        a1_0.name,
        a1_0.password,
        a1_0.role,
        a1_0.updated_at,
        a1_0.wallet_balance,
        c1_0.id,
        c1_0.country,
        c1_0.created_at,
        c1_0.name,
        c1_0.state,
        t1_0.city,
        t1_0.created_at,
        t1_0.name,
        s1_0.time 
    from
        shows s1_0 
    join
        movies m1_0 
            on m1_0.id=s1_0.movie_id 
    join
        theaters t1_0 
            on t1_0.id=s1_0.theater_id 
    left join
        users a1_0 
            on a1_0.id=t1_0.admin_id 
    left join
        cities c1_0 
            on c1_0.id=t1_0.city_id 
    where
        s1_0.show_id=?
Hibernate: 
    select
        s1_0.show_id,
        s1_0.created_at,
        s1_0.date,
        s1_0.movie_id,
        m1_0.id,
        m1_0.cast,
        m1_0.created_at,
        m1_0.description,
        m1_0.director,
        m1_0.duration,
        m1_0.genre,
        m1_0.language,
        m1_0.movie_name,
        m1_0.now_showing,
        m1_0.poster_url,
        m1_0.rating,
        m1_0.release_date,
        m1_0.trailer_url,
        m1_0.updated_at,
        s1_0.theater_id,
        t1_0.id,
        t1_0.address,
        a1_0.id,
        a1_0.address,
        a1_0.age,
        a1_0.city_id,
        a1_0.created_at,
        a1_0.email_id,
        a1_0.gender,
        a1_0.is_active,
        a1_0.mobile_no,
        a1_0.name,
        a1_0.password,
        a1_0.role,
        a1_0.updated_at,
        a1_0.wallet_balance,
        c1_0.id,
        c1_0.country,
        c1_0.created_at,
        c1_0.name,
        c1_0.state,
        t1_0.city,
        t1_0.created_at,
        t1_0.name,
        s1_0.time 
    from
        shows s1_0 
    join
        movies m1_0 
            on m1_0.id=s1_0.movie_id 
    join
        theaters t1_0 
            on t1_0.id=s1_0.theater_id 
    left join
        users a1_0 
            on a1_0.id=t1_0.admin_id 
    left join
        cities c1_0 
            on c1_0.id=t1_0.city_id 
    where
        s1_0.show_id=?
Hibernate: 
    select
        s1_0.show_id,
        s1_0.created_at,
        s1_0.date,
        s1_0.movie_id,
        m1_0.id,
        m1_0.cast,
        m1_0.created_at,
        m1_0.description,
        m1_0.director,
        m1_0.duration,
        m1_0.genre,
        m1_0.language,
        m1_0.movie_name,
        m1_0.now_showing,
        m1_0.poster_url,
        m1_0.rating,
        m1_0.release_date,
        m1_0.trailer_url,
        m1_0.updated_at,
        s1_0.theater_id,
        t1_0.id,
        t1_0.address,
        a1_0.id,
        a1_0.address,
        a1_0.age,
        a1_0.city_id,
        a1_0.created_at,
        a1_0.email_id,
        a1_0.gender,
        a1_0.is_active,
        a1_0.mobile_no,
        a1_0.name,
        a1_0.password,
        a1_0.role,
        a1_0.updated_at,
        a1_0.wallet_balance,
        c1_0.id,
        c1_0.country,
        c1_0.created_at,
        c1_0.name,
        c1_0.state,
        t1_0.city,
        t1_0.created_at,
        t1_0.name,
        s1_0.time 
    from
        shows s1_0 
    join
        movies m1_0 
            on m1_0.id=s1_0.movie_id 
    join
        theaters t1_0 
            on t1_0.id=s1_0.theater_id 
    left join
        users a1_0 
            on a1_0.id=t1_0.admin_id 
    left join
        cities c1_0 
            on c1_0.id=t1_0.city_id 
    where
        s1_0.show_id=?
Hibernate: 
    select
        s1_0.show_id,
        s1_0.created_at,
        s1_0.date,
        s1_0.movie_id,
        m1_0.id,
        m1_0.cast,
        m1_0.created_at,
        m1_0.description,
        m1_0.director,
        m1_0.duration,
        m1_0.genre,
        m1_0.language,
        m1_0.movie_name,
        m1_0.now_showing,
        m1_0.poster_url,
        m1_0.rating,
        m1_0.release_date,
        m1_0.trailer_url,
        m1_0.updated_at,
        s1_0.theater_id,
        t1_0.id,
        t1_0.address,
        a1_0.id,
        a1_0.address,
        a1_0.age,
        a1_0.city_id,
        a1_0.created_at,
        a1_0.email_id,
        a1_0.gender,
        a1_0.is_active,
        a1_0.mobile_no,
        a1_0.name,
        a1_0.password,
        a1_0.role,
        a1_0.updated_at,
        a1_0.wallet_balance,
        c1_0.id,
        c1_0.country,
        c1_0.created_at,
        c1_0.name,
        c1_0.state,
        t1_0.city,
        t1_0.created_at,
        t1_0.name,
        s1_0.time 
    from
        shows s1_0 
    join
        movies m1_0 
            on m1_0.id=s1_0.movie_id 
    join
        theaters t1_0 
            on t1_0.id=s1_0.theater_id 
    left join
        users a1_0 
            on a1_0.id=t1_0.admin_id 
    left join
        cities c1_0 
            on c1_0.id=t1_0.city_id 
    where
        s1_0.show_id=?
Hibernate: 
    select
        s1_0.show_id,
        s1_0.created_at,
        s1_0.date,
        s1_0.movie_id,
        m1_0.id,
        m1_0.cast,
        m1_0.created_at,
        m1_0.description,
        m1_0.director,
        m1_0.duration,
        m1_0.genre,
        m1_0.language,
        m1_0.movie_name,
        m1_0.now_showing,
        m1_0.poster_url,
        m1_0.rating,
        m1_0.release_date,
        m1_0.trailer_url,
        m1_0.updated_at,
        s1_0.theater_id,
        t1_0.id,
        t1_0.address,
        a1_0.id,
        a1_0.address,
        a1_0.age,
        a1_0.city_id,
        a1_0.created_at,
        a1_0.email_id,
        a1_0.gender,
        a1_0.is_active,
        a1_0.mobile_no,
        a1_0.name,
        a1_0.password,
        a1_0.role,
        a1_0.updated_at,
        a1_0.wallet_balance,
        c1_0.id,
        c1_0.country,
        c1_0.created_at,
        c1_0.name,
        c1_0.state,
        t1_0.city,
        t1_0.created_at,
        t1_0.name,
        s1_0.time 
    from
        shows s1_0 
    join
        movies m1_0 
            on m1_0.id=s1_0.movie_id 
    join
        theaters t1_0 
            on t1_0.id=s1_0.theater_id 
    left join
        users a1_0 
            on a1_0.id=t1_0.admin_id 
    left join
        cities c1_0 
            on c1_0.id=t1_0.city_id 
    where
        s1_0.show_id=?
Hibernate: 
    select
        s1_0.show_id,
        s1_0.created_at,
        s1_0.date,
        s1_0.movie_id,
        m1_0.id,
        m1_0.cast,
        m1_0.created_at,
        m1_0.description,
        m1_0.director,
        m1_0.duration,
        m1_0.genre,
        m1_0.language,
        m1_0.movie_name,
        m1_0.now_showing,
        m1_0.poster_url,
        m1_0.rating,
        m1_0.release_date,
        m1_0.trailer_url,
        m1_0.updated_at,
        s1_0.theater_id,
        t1_0.id,
        t1_0.address,
        a1_0.id,
        a1_0.address,
        a1_0.age,
        a1_0.city_id,
        a1_0.created_at,
        a1_0.email_id,
        a1_0.gender,
        a1_0.is_active,
        a1_0.mobile_no,
        a1_0.name,
        a1_0.password,
        a1_0.role,
        a1_0.updated_at,
        a1_0.wallet_balance,
        c1_0.id,
        c1_0.country,
        c1_0.created_at,
        c1_0.name,
        c1_0.state,
        t1_0.city,
        t1_0.created_at,
        t1_0.name,
        s1_0.time 
    from
        shows s1_0 
    join
        movies m1_0 
            on m1_0.id=s1_0.movie_id 
    join
        theaters t1_0 
            on t1_0.id=s1_0.theater_id 
    left join
        users a1_0 
            on a1_0.id=t1_0.admin_id 
    left join
        cities c1_0 
            on c1_0.id=t1_0.city_id 
    where
        s1_0.show_id=?
Hibernate: 
    select
        u1_0.id,
        u1_0.address,
        u1_0.age,
        u1_0.city_id,
        u1_0.created_at,
        u1_0.email_id,
        u1_0.gender,
        u1_0.is_active,
        u1_0.mobile_no,
        u1_0.name,
        u1_0.password,
        u1_0.role,
        u1_0.updated_at,
        u1_0.wallet_balance 
    from
        users u1_0 
    where
        u1_0.id=?
Hibernate: 
    select
        u1_0.id,
        u1_0.address,
        u1_0.age,
        u1_0.city_id,
        u1_0.created_at,
        u1_0.email_id,
        u1_0.gender,
        u1_0.is_active,
        u1_0.mobile_no,
        u1_0.name,
        u1_0.password,
        u1_0.role,
        u1_0.updated_at,
        u1_0.wallet_balance 
    from
        users u1_0 
    where
        u1_0.id=?
Hibernate: 
    select
        u1_0.id,
        u1_0.address,
        u1_0.age,
        u1_0.city_id,
        u1_0.created_at,
        u1_0.email_id,
        u1_0.gender,
        u1_0.is_active,
        u1_0.mobile_no,
        u1_0.name,
        u1_0.password,
        u1_0.role,
        u1_0.updated_at,
        u1_0.wallet_balance 
    from
        users u1_0 
    where
        u1_0.id=?
Hibernate: 
    select
        u1_0.id,
        u1_0.address,
        u1_0.age,
        u1_0.city_id,
        u1_0.created_at,
        u1_0.email_id,
        u1_0.gender,
        u1_0.is_active,
        u1_0.mobile_no,
        u1_0.name,
        u1_0.password,
        u1_0.role,
        u1_0.updated_at,
        u1_0.wallet_balance 
    from
        users u1_0 
    where
        u1_0.id=?
Hibernate: 
    select
        s1_0.show_id,
        s1_0.created_at,
        s1_0.date,
        s1_0.movie_id,
        m1_0.id,
        m1_0.cast,
        m1_0.created_at,
        m1_0.description,
        m1_0.director,
        m1_0.duration,
        m1_0.genre,
        m1_0.language,
        m1_0.movie_name,
        m1_0.now_showing,
        m1_0.poster_url,
        m1_0.rating,
        m1_0.release_date,
        m1_0.trailer_url,
        m1_0.updated_at,
        s1_0.theater_id,
        t1_0.id,
        t1_0.address,
        a1_0.id,
        a1_0.address,
        a1_0.age,
        a1_0.city_id,
        a1_0.created_at,
        a1_0.email_id,
        a1_0.gender,
        a1_0.is_active,
        a1_0.mobile_no,
        a1_0.name,
        a1_0.password,
        a1_0.role,
        a1_0.updated_at,
        a1_0.wallet_balance,
        c1_0.id,
        c1_0.country,
        c1_0.created_at,
        c1_0.name,
        c1_0.state,
        t1_0.city,
        t1_0.created_at,
        t1_0.name,
        s1_0.time 
    from
        shows s1_0 
    join
        movies m1_0 
            on m1_0.id=s1_0.movie_id 
    join
        theaters t1_0 
            on t1_0.id=s1_0.theater_id 
    left join
        users a1_0 
            on a1_0.id=t1_0.admin_id 
    left join
        cities c1_0 
            on c1_0.id=t1_0.city_id 
    where
        s1_0.show_id=?
Hibernate: 
    select
        s1_0.show_id,
        s1_0.created_at,
        s1_0.date,
        s1_0.movie_id,
        m1_0.id,
        m1_0.cast,
        m1_0.created_at,
        m1_0.description,
        m1_0.director,
        m1_0.duration,
        m1_0.genre,
        m1_0.language,
        m1_0.movie_name,
        m1_0.now_showing,
        m1_0.poster_url,
        m1_0.rating,
        m1_0.release_date,
        m1_0.trailer_url,
        m1_0.updated_at,
        s1_0.theater_id,
        t1_0.id,
        t1_0.address,
        a1_0.id,
        a1_0.address,
        a1_0.age,
        a1_0.city_id,
        a1_0.created_at,
        a1_0.email_id,
        a1_0.gender,
        a1_0.is_active,
        a1_0.mobile_no,
        a1_0.name,
        a1_0.password,
        a1_0.role,
        a1_0.updated_at,
        a1_0.wallet_balance,
        c1_0.id,
        c1_0.country,
        c1_0.created_at,
        c1_0.name,
        c1_0.state,
        t1_0.city,
        t1_0.created_at,
        t1_0.name,
        s1_0.time 
    from
        shows s1_0 
    join
        movies m1_0 
            on m1_0.id=s1_0.movie_id 
    join
        theaters t1_0 
            on t1_0.id=s1_0.theater_id 
    left join
        users a1_0 
            on a1_0.id=t1_0.admin_id 
    left join
        cities c1_0 
            on c1_0.id=t1_0.city_id 
    where
        s1_0.show_id=?
Hibernate: 
    select
        s1_0.show_id,
        s1_0.created_at,
        s1_0.date,
        s1_0.movie_id,
        m1_0.id,
        m1_0.cast,
        m1_0.created_at,
        m1_0.description,
        m1_0.director,
        m1_0.duration,
        m1_0.genre,
        m1_0.language,
        m1_0.movie_name,
        m1_0.now_showing,
        m1_0.poster_url,
        m1_0.rating,
        m1_0.release_date,
        m1_0.trailer_url,
        m1_0.updated_at,
        s1_0.theater_id,
        t1_0.id,
        t1_0.address,
        a1_0.id,
        a1_0.address,
        a1_0.age,
        a1_0.city_id,
        a1_0.created_at,
        a1_0.email_id,
        a1_0.gender,
        a1_0.is_active,
        a1_0.mobile_no,
        a1_0.name,
        a1_0.password,
        a1_0.role,
        a1_0.updated_at,
        a1_0.wallet_balance,
        c1_0.id,
        c1_0.country,
        c1_0.created_at,
        c1_0.name,
        c1_0.state,
        t1_0.city,
        t1_0.created_at,
        t1_0.name,
        s1_0.time 
    from
        shows s1_0 
    join
        movies m1_0 
            on m1_0.id=s1_0.movie_id 
    join
        theaters t1_0 
            on t1_0.id=s1_0.theater_id 
    left join
        users a1_0 
            on a1_0.id=t1_0.admin_id 
    left join
        cities c1_0 
            on c1_0.id=t1_0.city_id 
    where
        s1_0.show_id=?
Hibernate: 
    select
        s1_0.show_id,
        s1_0.created_at,
        s1_0.date,
        s1_0.movie_id,
        m1_0.id,
        m1_0.cast,
        m1_0.created_at,
        m1_0.description,
        m1_0.director,
        m1_0.duration,
        m1_0.genre,
        m1_0.language,
        m1_0.movie_name,
        m1_0.now_showing,
        m1_0.poster_url,
        m1_0.rating,
        m1_0.release_date,
        m1_0.trailer_url,
        m1_0.updated_at,
        s1_0.theater_id,
        t1_0.id,
        t1_0.address,
        a1_0.id,
        a1_0.address,
        a1_0.age,
        a1_0.city_id,
        a1_0.created_at,
        a1_0.email_id,
        a1_0.gender,
        a1_0.is_active,
        a1_0.mobile_no,
        a1_0.name,
        a1_0.password,
        a1_0.role,
        a1_0.updated_at,
        a1_0.wallet_balance,
        c1_0.id,
        c1_0.country,
        c1_0.created_at,
        c1_0.name,
        c1_0.state,
        t1_0.city,
        t1_0.created_at,
        t1_0.name,
        s1_0.time 
    from
        shows s1_0 
    join
        movies m1_0 
            on m1_0.id=s1_0.movie_id 
    join
        theaters t1_0 
            on t1_0.id=s1_0.theater_id 
    left join
        users a1_0 
            on a1_0.id=t1_0.admin_id 
    left join
        cities c1_0 
            on c1_0.id=t1_0.city_id 
    where
        s1_0.show_id=?
Hibernate: 
    select
        s1_0.show_id,
        s1_0.created_at,
        s1_0.date,
        s1_0.movie_id,
        m1_0.id,
        m1_0.cast,
        m1_0.created_at,
        m1_0.description,
        m1_0.director,
        m1_0.duration,
        m1_0.genre,
        m1_0.language,
        m1_0.movie_name,
        m1_0.now_showing,
        m1_0.poster_url,
        m1_0.rating,
        m1_0.release_date,
        m1_0.trailer_url,
        m1_0.updated_at,
        s1_0.theater_id,
        t1_0.id,
        t1_0.address,
        a1_0.id,
        a1_0.address,
        a1_0.age,
        a1_0.city_id,
        a1_0.created_at,
        a1_0.email_id,
        a1_0.gender,
        a1_0.is_active,
        a1_0.mobile_no,
        a1_0.name,
        a1_0.password,
        a1_0.role,
        a1_0.updated_at,
        a1_0.wallet_balance,
        c1_0.id,
        c1_0.country,
        c1_0.created_at,
        c1_0.name,
        c1_0.state,
        t1_0.city,
        t1_0.created_at,
        t1_0.name,
        s1_0.time 
    from
        shows s1_0 
    join
        movies m1_0 
            on m1_0.id=s1_0.movie_id 
    join
        theaters t1_0 
            on t1_0.id=s1_0.theater_id 
    left join
        users a1_0 
            on a1_0.id=t1_0.admin_id 
    left join
        cities c1_0 
            on c1_0.id=t1_0.city_id 
    where
        s1_0.show_id=?
Hibernate: 
    select
        u1_0.id,
        u1_0.address,
        u1_0.age,
        u1_0.city_id,
        u1_0.created_at,
        u1_0.email_id,
        u1_0.gender,
        u1_0.is_active,
        u1_0.mobile_no,
        u1_0.name,
        u1_0.password,
        u1_0.role,
        u1_0.updated_at,
        u1_0.wallet_balance 
    from
        users u1_0 
    where
        u1_0.id=?
Hibernate: 
    select
        s1_0.show_id,
        s1_0.created_at,
        s1_0.date,
        s1_0.movie_id,
        m1_0.id,
        m1_0.cast,
        m1_0.created_at,
        m1_0.description,
        m1_0.director,
        m1_0.duration,
        m1_0.genre,
        m1_0.language,
        m1_0.movie_name,
        m1_0.now_showing,
        m1_0.poster_url,
        m1_0.rating,
        m1_0.release_date,
        m1_0.trailer_url,
        m1_0.updated_at,
        s1_0.theater_id,
        t1_0.id,
        t1_0.address,
        a1_0.id,
        a1_0.address,
        a1_0.age,
        a1_0.city_id,
        a1_0.created_at,
        a1_0.email_id,
        a1_0.gender,
        a1_0.is_active,
        a1_0.mobile_no,
        a1_0.name,
        a1_0.password,
        a1_0.role,
        a1_0.updated_at,
        a1_0.wallet_balance,
        c1_0.id,
        c1_0.country,
        c1_0.created_at,
        c1_0.name,
        c1_0.state,
        t1_0.city,
        t1_0.created_at,
        t1_0.name,
        s1_0.time 
    from
        shows s1_0 
    join
        movies m1_0 
            on m1_0.id=s1_0.movie_id 
    join
        theaters t1_0 
            on t1_0.id=s1_0.theater_id 
    left join
        users a1_0 
            on a1_0.id=t1_0.admin_id 
    left join
        cities c1_0 
            on c1_0.id=t1_0.city_id 
    where
        s1_0.show_id=?
Hibernate: 
    select
        u1_0.id,
        u1_0.address,
        u1_0.age,
        u1_0.city_id,
        u1_0.created_at,
        u1_0.email_id,
        u1_0.gender,
        u1_0.is_active,
        u1_0.mobile_no,
        u1_0.name,
        u1_0.password,
        u1_0.role,
        u1_0.updated_at,
        u1_0.wallet_balance 
    from
        users u1_0 
    where
        u1_0.id=?
Hibernate: 
    select
        s1_0.show_id,
        s1_0.created_at,
        s1_0.date,
        s1_0.movie_id,
        m1_0.id,
        m1_0.cast,
        m1_0.created_at,
        m1_0.description,
        m1_0.director,
        m1_0.duration,
        m1_0.genre,
        m1_0.language,
        m1_0.movie_name,
        m1_0.now_showing,
        m1_0.poster_url,
        m1_0.rating,
        m1_0.release_date,
        m1_0.trailer_url,
        m1_0.updated_at,
        s1_0.theater_id,
        t1_0.id,
        t1_0.address,
        a1_0.id,
        a1_0.address,
        a1_0.age,
        a1_0.city_id,
        a1_0.created_at,
        a1_0.email_id,
        a1_0.gender,
        a1_0.is_active,
        a1_0.mobile_no,
        a1_0.name,
        a1_0.password,
        a1_0.role,
        a1_0.updated_at,
        a1_0.wallet_balance,
        c1_0.id,
        c1_0.country,
        c1_0.created_at,
        c1_0.name,
        c1_0.state,
        t1_0.city,
        t1_0.created_at,
        t1_0.name,
        s1_0.time 
    from
        shows s1_0 
    join
        movies m1_0 
            on m1_0.id=s1_0.movie_id 
    join
        theaters t1_0 
            on t1_0.id=s1_0.theater_id 
    left join
        users a1_0 
            on a1_0.id=t1_0.admin_id 
    left join
        cities c1_0 
            on c1_0.id=t1_0.city_id 
    where
        s1_0.show_id=?
Hibernate: 
    select
        s1_0.show_id,
        s1_0.created_at,
        s1_0.date,
        s1_0.movie_id,
        m1_0.id,
        m1_0.cast,
        m1_0.created_at,
        m1_0.description,
        m1_0.director,
        m1_0.duration,
        m1_0.genre,
        m1_0.language,
        m1_0.movie_name,
        m1_0.now_showing,
        m1_0.poster_url,
        m1_0.rating,
        m1_0.release_date,
        m1_0.trailer_url,
        m1_0.updated_at,
        s1_0.theater_id,
        t1_0.id,
        t1_0.address,
        a1_0.id,
        a1_0.address,
        a1_0.age,
        a1_0.city_id,
        a1_0.created_at,
        a1_0.email_id,
        a1_0.gender,
        a1_0.is_active,
        a1_0.mobile_no,
        a1_0.name,
        a1_0.password,
        a1_0.role,
        a1_0.updated_at,
        a1_0.wallet_balance,
        c1_0.id,
        c1_0.country,
        c1_0.created_at,
        c1_0.name,
        c1_0.state,
        t1_0.city,
        t1_0.created_at,
        t1_0.name,
        s1_0.time 
    from
        shows s1_0 
    join
        movies m1_0 
            on m1_0.id=s1_0.movie_id 
    join
        theaters t1_0 
            on t1_0.id=s1_0.theater_id 
    left join
        users a1_0 
            on a1_0.id=t1_0.admin_id 
    left join
        cities c1_0 
            on c1_0.id=t1_0.city_id 
    where
        s1_0.show_id=?
Hibernate: 
    select
        s1_0.show_id,
        s1_0.created_at,
        s1_0.date,
        s1_0.movie_id,
        m1_0.id,
        m1_0.cast,
        m1_0.created_at,
        m1_0.description,
        m1_0.director,
        m1_0.duration,
        m1_0.genre,
        m1_0.language,
        m1_0.movie_name,
        m1_0.now_showing,
        m1_0.poster_url,
        m1_0.rating,
        m1_0.release_date,
        m1_0.trailer_url,
        m1_0.updated_at,
        s1_0.theater_id,
        t1_0.id,
        t1_0.address,
        a1_0.id,
        a1_0.address,
        a1_0.age,
        a1_0.city_id,
        a1_0.created_at,
        a1_0.email_id,
        a1_0.gender,
        a1_0.is_active,
        a1_0.mobile_no,
        a1_0.name,
        a1_0.password,
        a1_0.role,
        a1_0.updated_at,
        a1_0.wallet_balance,
        c1_0.id,
        c1_0.country,
        c1_0.created_at,
        c1_0.name,
        c1_0.state,
        t1_0.city,
        t1_0.created_at,
        t1_0.name,
        s1_0.time 
    from
        shows s1_0 
    join
        movies m1_0 
            on m1_0.id=s1_0.movie_id 
    join
        theaters t1_0 
            on t1_0.id=s1_0.theater_id 
    left join
        users a1_0 
            on a1_0.id=t1_0.admin_id 
    left join
        cities c1_0 
            on c1_0.id=t1_0.city_id 
    where
        s1_0.show_id=?
Hibernate: 
    select
        s1_0.show_id,
        s1_0.created_at,
        s1_0.date,
        s1_0.movie_id,
        m1_0.id,
        m1_0.cast,
        m1_0.created_at,
        m1_0.description,
        m1_0.director,
        m1_0.duration,
        m1_0.genre,
        m1_0.language,
        m1_0.movie_name,
        m1_0.now_showing,
        m1_0.poster_url,
        m1_0.rating,
        m1_0.release_date,
        m1_0.trailer_url,
        m1_0.updated_at,
        s1_0.theater_id,
        t1_0.id,
        t1_0.address,
        a1_0.id,
        a1_0.address,
        a1_0.age,
        a1_0.city_id,
        a1_0.created_at,
        a1_0.email_id,
        a1_0.gender,
        a1_0.is_active,
        a1_0.mobile_no,
        a1_0.name,
        a1_0.password,
        a1_0.role,
        a1_0.updated_at,
        a1_0.wallet_balance,
        c1_0.id,
        c1_0.country,
        c1_0.created_at,
        c1_0.name,
        c1_0.state,
        t1_0.city,
        t1_0.created_at,
        t1_0.name,
        s1_0.time 
    from
        shows s1_0 
    join
        movies m1_0 
            on m1_0.id=s1_0.movie_id 
    join
        theaters t1_0 
            on t1_0.id=s1_0.theater_id 
    left join
        users a1_0 
            on a1_0.id=t1_0.admin_id 
    left join
        cities c1_0 
            on c1_0.id=t1_0.city_id 
    where
        s1_0.show_id=?
Hibernate: 
    select
        s1_0.show_id,
        s1_0.created_at,
        s1_0.date,
        s1_0.movie_id,
        m1_0.id,
        m1_0.cast,
        m1_0.created_at,
        m1_0.description,
        m1_0.director,
        m1_0.duration,
        m1_0.genre,
        m1_0.language,
        m1_0.movie_name,
        m1_0.now_showing,
        m1_0.poster_url,
        m1_0.rating,
        m1_0.release_date,
        m1_0.trailer_url,
        m1_0.updated_at,
        s1_0.theater_id,
        t1_0.id,
        t1_0.address,
        a1_0.id,
        a1_0.address,
        a1_0.age,
        a1_0.city_id,
        a1_0.created_at,
        a1_0.email_id,
        a1_0.gender,
        a1_0.is_active,
        a1_0.mobile_no,
        a1_0.name,
        a1_0.password,
        a1_0.role,
        a1_0.updated_at,
        a1_0.wallet_balance,
        c1_0.id,
        c1_0.country,
        c1_0.created_at,
        c1_0.name,
        c1_0.state,
        t1_0.city,
        t1_0.created_at,
        t1_0.name,
        s1_0.time 
    from
        shows s1_0 
    join
        movies m1_0 
            on m1_0.id=s1_0.movie_id 
    join
        theaters t1_0 
            on t1_0.id=s1_0.theater_id 
    left join
        users a1_0 
            on a1_0.id=t1_0.admin_id 
    left join
        cities c1_0 
            on c1_0.id=t1_0.city_id 
    where
        s1_0.show_id=?
Hibernate: 
    select
        s1_0.show_id,
        s1_0.created_at,
        s1_0.date,
        s1_0.movie_id,
        m1_0.id,
        m1_0.cast,
        m1_0.created_at,
        m1_0.description,
        m1_0.director,
        m1_0.duration,
        m1_0.genre,
        m1_0.language,
        m1_0.movie_name,
        m1_0.now_showing,
        m1_0.poster_url,
        m1_0.rating,
        m1_0.release_date,
        m1_0.trailer_url,
        m1_0.updated_at,
        s1_0.theater_id,
        t1_0.id,
        t1_0.address,
        a1_0.id,
        a1_0.address,
        a1_0.age,
        a1_0.city_id,
        a1_0.created_at,
        a1_0.email_id,
        a1_0.gender,
        a1_0.is_active,
        a1_0.mobile_no,
        a1_0.name,
        a1_0.password,
        a1_0.role,
        a1_0.updated_at,
        a1_0.wallet_balance,
        c1_0.id,
        c1_0.country,
        c1_0.created_at,
        c1_0.name,
        c1_0.state,
        t1_0.city,
        t1_0.created_at,
        t1_0.name,
        s1_0.time 
    from
        shows s1_0 
    join
        movies m1_0 
            on m1_0.id=s1_0.movie_id 
    join
        theaters t1_0 
            on t1_0.id=s1_0.theater_id 
    left join
        users a1_0 
            on a1_0.id=t1_0.admin_id 
    left join
        cities c1_0 
            on c1_0.id=t1_0.city_id 
    where
        s1_0.show_id=?
Hibernate: 
    select
        s1_0.show_id,
        s1_0.created_at,
        s1_0.date,
        s1_0.movie_id,
        m1_0.id,
        m1_0.cast,
        m1_0.created_at,
        m1_0.description,
        m1_0.director,
        m1_0.duration,
        m1_0.genre,
        m1_0.language,
        m1_0.movie_name,
        m1_0.now_showing,
        m1_0.poster_url,
        m1_0.rating,
        m1_0.release_date,
        m1_0.trailer_url,
        m1_0.updated_at,
        s1_0.theater_id,
        t1_0.id,
        t1_0.address,
        a1_0.id,
        a1_0.address,
        a1_0.age,
        a1_0.city_id,
        a1_0.created_at,
        a1_0.email_id,
        a1_0.gender,
        a1_0.is_active,
        a1_0.mobile_no,
        a1_0.name,
        a1_0.password,
        a1_0.role,
        a1_0.updated_at,
        a1_0.wallet_balance,
        c1_0.id,
        c1_0.country,
        c1_0.created_at,
        c1_0.name,
        c1_0.state,
        t1_0.city,
        t1_0.created_at,
        t1_0.name,
        s1_0.time 
    from
        shows s1_0 
    join
        movies m1_0 
            on m1_0.id=s1_0.movie_id 
    join
        theaters t1_0 
            on t1_0.id=s1_0.theater_id 
    left join
        users a1_0 
            on a1_0.id=t1_0.admin_id 
    left join
        cities c1_0 
            on c1_0.id=t1_0.city_id 
    where
        s1_0.show_id=?
Hibernate: 
    select
        s1_0.show_id,
        s1_0.created_at,
        s1_0.date,
        s1_0.movie_id,
        m1_0.id,
        m1_0.cast,
        m1_0.created_at,
        m1_0.description,
        m1_0.director,
        m1_0.duration,
        m1_0.genre,
        m1_0.language,
        m1_0.movie_name,
        m1_0.now_showing,
        m1_0.poster_url,
        m1_0.rating,
        m1_0.release_date,
        m1_0.trailer_url,
        m1_0.updated_at,
        s1_0.theater_id,
        t1_0.id,
        t1_0.address,
        a1_0.id,
        a1_0.address,
        a1_0.age,
        a1_0.city_id,
        a1_0.created_at,
        a1_0.email_id,
        a1_0.gender,
        a1_0.is_active,
        a1_0.mobile_no,
        a1_0.name,
        a1_0.password,
        a1_0.role,
        a1_0.updated_at,
        a1_0.wallet_balance,
        c1_0.id,
        c1_0.country,
        c1_0.created_at,
        c1_0.name,
        c1_0.state,
        t1_0.city,
        t1_0.created_at,
        t1_0.name,
        s1_0.time 
    from
        shows s1_0 
    join
        movies m1_0 
            on m1_0.id=s1_0.movie_id 
    join
        theaters t1_0 
            on t1_0.id=s1_0.theater_id 
    left join
        users a1_0 
            on a1_0.id=t1_0.admin_id 
    left join
        cities c1_0 
            on c1_0.id=t1_0.city_id 
    where
        s1_0.show_id=?
Hibernate: 
    select
        t1_0.ticket_id,
        t1_0.booked_at,
        t1_0.booked_seats,
        t1_0.cancelled_at,
        t1_0.qr_code_data,
        t1_0.qr_expiry_time,
        t1_0.qr_payload,
        t1_0.refund_amount,
        t1_0.show_id,
        t1_0.status,
        t1_0.total_tickets_price,
        t1_0.user_id,
        t1_0.validation_token 
    from
        tickets t1_0 
    where
        t1_0.user_id=? 
        and t1_0.status=? 
    order by
        t1_0.booked_at desc
[2m2026-03-26T20:47:34.809+05:30[0;39m [31mERROR[0;39m [35m14365[0;39m [2m---[0;39m [2m[nio-8080-exec-4][0;39m [36mc.d.b.Security.JwtAuthenticationFilter  [0;39m [2m:[0;39m Error extracting username from JWT: JWT expired at 2026-03-25T21:19:05Z. Current time: 2026-03-26T15:17:34Z, a difference of 64709809 milliseconds.  Allowed clock skew: 0 milliseconds.
Hibernate: 
    select
        m1_0.id,
        m1_0.cast,
        m1_0.created_at,
        m1_0.description,
        m1_0.director,
        m1_0.duration,
        m1_0.genre,
        m1_0.language,
        m1_0.movie_name,
        m1_0.now_showing,
        m1_0.poster_url,
        m1_0.rating,
        m1_0.release_date,
        m1_0.trailer_url,
        m1_0.updated_at 
    from
        movies m1_0
Hibernate: 
    select
        t1_0.ticket_id,
        t1_0.booked_at,
        t1_0.booked_seats,
        t1_0.cancelled_at,
        t1_0.qr_code_data,
        t1_0.qr_expiry_time,
        t1_0.qr_payload,
        t1_0.refund_amount,
        t1_0.show_id,
        t1_0.status,
        t1_0.total_tickets_price,
        t1_0.user_id,
        t1_0.validation_token 
    from
        tickets t1_0
Hibernate: 
    select
        s1_0.show_id,
        s1_0.created_at,
        s1_0.date,
        s1_0.movie_id,
        m1_0.id,
        m1_0.cast,
        m1_0.created_at,
        m1_0.description,
        m1_0.director,
        m1_0.duration,
        m1_0.genre,
        m1_0.language,
        m1_0.movie_name,
        m1_0.now_showing,
        m1_0.poster_url,
        m1_0.rating,
        m1_0.release_date,
        m1_0.trailer_url,
        m1_0.updated_at,
        s1_0.theater_id,
        t1_0.id,
        t1_0.address,
        a1_0.id,
        a1_0.address,
        a1_0.age,
        a1_0.city_id,
        a1_0.created_at,
        a1_0.email_id,
        a1_0.gender,
        a1_0.is_active,
        a1_0.mobile_no,
        a1_0.name,
        a1_0.password,
        a1_0.role,
        a1_0.updated_at,
        a1_0.wallet_balance,
        c1_0.id,
        c1_0.country,
        c1_0.created_at,
        c1_0.name,
        c1_0.state,
        t1_0.city,
        t1_0.created_at,
        t1_0.name,
        s1_0.time 
    from
        shows s1_0 
    join
        movies m1_0 
            on m1_0.id=s1_0.movie_id 
    join
        theaters t1_0 
            on t1_0.id=s1_0.theater_id 
    left join
        users a1_0 
            on a1_0.id=t1_0.admin_id 
    left join
        cities c1_0 
            on c1_0.id=t1_0.city_id 
    where
        s1_0.show_id=?
Hibernate: 
    select
        u1_0.id,
        u1_0.address,
        u1_0.age,
        u1_0.city_id,
        u1_0.created_at,
        u1_0.email_id,
        u1_0.gender,
        u1_0.is_active,
        u1_0.mobile_no,
        u1_0.name,
        u1_0.password,
        u1_0.role,
        u1_0.updated_at,
        u1_0.wallet_balance 
    from
        users u1_0 
    where
        u1_0.id=?
Hibernate: 
    select
        s1_0.show_id,
        s1_0.created_at,
        s1_0.date,
        s1_0.movie_id,
        m1_0.id,
        m1_0.cast,
        m1_0.created_at,
        m1_0.description,
        m1_0.director,
        m1_0.duration,
        m1_0.genre,
        m1_0.language,
        m1_0.movie_name,
        m1_0.now_showing,
        m1_0.poster_url,
        m1_0.rating,
        m1_0.release_date,
        m1_0.trailer_url,
        m1_0.updated_at,
        s1_0.theater_id,
        t1_0.id,
        t1_0.address,
        a1_0.id,
        a1_0.address,
        a1_0.age,
        a1_0.city_id,
        a1_0.created_at,
        a1_0.email_id,
        a1_0.gender,
        a1_0.is_active,
        a1_0.mobile_no,
        a1_0.name,
        a1_0.password,
        a1_0.role,
        a1_0.updated_at,
        a1_0.wallet_balance,
        c1_0.id,
        c1_0.country,
        c1_0.created_at,
        c1_0.name,
        c1_0.state,
        t1_0.city,
        t1_0.created_at,
        t1_0.name,
        s1_0.time 
    from
        shows s1_0 
    join
        movies m1_0 
            on m1_0.id=s1_0.movie_id 
    join
        theaters t1_0 
            on t1_0.id=s1_0.theater_id 
    left join
        users a1_0 
            on a1_0.id=t1_0.admin_id 
    left join
        cities c1_0 
            on c1_0.id=t1_0.city_id 
    where
        s1_0.show_id=?
Hibernate: 
    select
        s1_0.show_id,
        s1_0.created_at,
        s1_0.date,
        s1_0.movie_id,
        m1_0.id,
        m1_0.cast,
        m1_0.created_at,
        m1_0.description,
        m1_0.director,
        m1_0.duration,
        m1_0.genre,
        m1_0.language,
        m1_0.movie_name,
        m1_0.now_showing,
        m1_0.poster_url,
        m1_0.rating,
        m1_0.release_date,
        m1_0.trailer_url,
        m1_0.updated_at,
        s1_0.theater_id,
        t1_0.id,
        t1_0.address,
        a1_0.id,
        a1_0.address,
        a1_0.age,
        a1_0.city_id,
        a1_0.created_at,
        a1_0.email_id,
        a1_0.gender,
        a1_0.is_active,
        a1_0.mobile_no,
        a1_0.name,
        a1_0.password,
        a1_0.role,
        a1_0.updated_at,
        a1_0.wallet_balance,
        c1_0.id,
        c1_0.country,
        c1_0.created_at,
        c1_0.name,
        c1_0.state,
        t1_0.city,
        t1_0.created_at,
        t1_0.name,
        s1_0.time 
    from
        shows s1_0 
    join
        movies m1_0 
            on m1_0.id=s1_0.movie_id 
    join
        theaters t1_0 
            on t1_0.id=s1_0.theater_id 
    left join
        users a1_0 
            on a1_0.id=t1_0.admin_id 
    left join
        cities c1_0 
            on c1_0.id=t1_0.city_id 
    where
        s1_0.show_id=?
Hibernate: 
    select
        s1_0.show_id,
        s1_0.created_at,
        s1_0.date,
        s1_0.movie_id,
        m1_0.id,
        m1_0.cast,
        m1_0.created_at,
        m1_0.description,
        m1_0.director,
        m1_0.duration,
        m1_0.genre,
        m1_0.language,
        m1_0.movie_name,
        m1_0.now_showing,
        m1_0.poster_url,
        m1_0.rating,
        m1_0.release_date,
        m1_0.trailer_url,
        m1_0.updated_at,
        s1_0.theater_id,
        t1_0.id,
        t1_0.address,
        a1_0.id,
        a1_0.address,
        a1_0.age,
        a1_0.city_id,
        a1_0.created_at,
        a1_0.email_id,
        a1_0.gender,
        a1_0.is_active,
        a1_0.mobile_no,
        a1_0.name,
        a1_0.password,
        a1_0.role,
        a1_0.updated_at,
        a1_0.wallet_balance,
        c1_0.id,
        c1_0.country,
        c1_0.created_at,
        c1_0.name,
        c1_0.state,
        t1_0.city,
        t1_0.created_at,
        t1_0.name,
        s1_0.time 
    from
        shows s1_0 
    join
        movies m1_0 
            on m1_0.id=s1_0.movie_id 
    join
        theaters t1_0 
            on t1_0.id=s1_0.theater_id 
    left join
        users a1_0 
            on a1_0.id=t1_0.admin_id 
    left join
        cities c1_0 
            on c1_0.id=t1_0.city_id 
    where
        s1_0.show_id=?
Hibernate: 
    select
        s1_0.show_id,
        s1_0.created_at,
        s1_0.date,
        s1_0.movie_id,
        m1_0.id,
        m1_0.cast,
        m1_0.created_at,
        m1_0.description,
        m1_0.director,
        m1_0.duration,
        m1_0.genre,
        m1_0.language,
        m1_0.movie_name,
        m1_0.now_showing,
        m1_0.poster_url,
        m1_0.rating,
        m1_0.release_date,
        m1_0.trailer_url,
        m1_0.updated_at,
        s1_0.theater_id,
        t1_0.id,
        t1_0.address,
        a1_0.id,
        a1_0.address,
        a1_0.age,
        a1_0.city_id,
        a1_0.created_at,
        a1_0.email_id,
        a1_0.gender,
        a1_0.is_active,
        a1_0.mobile_no,
        a1_0.name,
        a1_0.password,
        a1_0.role,
        a1_0.updated_at,
        a1_0.wallet_balance,
        c1_0.id,
        c1_0.country,
        c1_0.created_at,
        c1_0.name,
        c1_0.state,
        t1_0.city,
        t1_0.created_at,
        t1_0.name,
        s1_0.time 
    from
        shows s1_0 
    join
        movies m1_0 
            on m1_0.id=s1_0.movie_id 
    join
        theaters t1_0 
            on t1_0.id=s1_0.theater_id 
    left join
        users a1_0 
            on a1_0.id=t1_0.admin_id 
    left join
        cities c1_0 
            on c1_0.id=t1_0.city_id 
    where
        s1_0.show_id=?
Hibernate: 
    select
        u1_0.id,
        u1_0.address,
        u1_0.age,
        u1_0.city_id,
        u1_0.created_at,
        u1_0.email_id,
        u1_0.gender,
        u1_0.is_active,
        u1_0.mobile_no,
        u1_0.name,
        u1_0.password,
        u1_0.role,
        u1_0.updated_at,
        u1_0.wallet_balance 
    from
        users u1_0 
    where
        u1_0.id=?
Hibernate: 
    select
        s1_0.show_id,
        s1_0.created_at,
        s1_0.date,
        s1_0.movie_id,
        m1_0.id,
        m1_0.cast,
        m1_0.created_at,
        m1_0.description,
        m1_0.director,
        m1_0.duration,
        m1_0.genre,
        m1_0.language,
        m1_0.movie_name,
        m1_0.now_showing,
        m1_0.poster_url,
        m1_0.rating,
        m1_0.release_date,
        m1_0.trailer_url,
        m1_0.updated_at,
        s1_0.theater_id,
        t1_0.id,
        t1_0.address,
        a1_0.id,
        a1_0.address,
        a1_0.age,
        a1_0.city_id,
        a1_0.created_at,
        a1_0.email_id,
        a1_0.gender,
        a1_0.is_active,
        a1_0.mobile_no,
        a1_0.name,
        a1_0.password,
        a1_0.role,
        a1_0.updated_at,
        a1_0.wallet_balance,
        c1_0.id,
        c1_0.country,
        c1_0.created_at,
        c1_0.name,
        c1_0.state,
        t1_0.city,
        t1_0.created_at,
        t1_0.name,
        s1_0.time 
    from
        shows s1_0 
    join
        movies m1_0 
            on m1_0.id=s1_0.movie_id 
    join
        theaters t1_0 
            on t1_0.id=s1_0.theater_id 
    left join
        users a1_0 
            on a1_0.id=t1_0.admin_id 
    left join
        cities c1_0 
            on c1_0.id=t1_0.city_id 
    where
        s1_0.show_id=?
Hibernate: 
    select
        s1_0.show_id,
        s1_0.created_at,
        s1_0.date,
        s1_0.movie_id,
        m1_0.id,
        m1_0.cast,
        m1_0.created_at,
        m1_0.description,
        m1_0.director,
        m1_0.duration,
        m1_0.genre,
        m1_0.language,
        m1_0.movie_name,
        m1_0.now_showing,
        m1_0.poster_url,
        m1_0.rating,
        m1_0.release_date,
        m1_0.trailer_url,
        m1_0.updated_at,
        s1_0.theater_id,
        t1_0.id,
        t1_0.address,
        a1_0.id,
        a1_0.address,
        a1_0.age,
        a1_0.city_id,
        a1_0.created_at,
        a1_0.email_id,
        a1_0.gender,
        a1_0.is_active,
        a1_0.mobile_no,
        a1_0.name,
        a1_0.password,
        a1_0.role,
        a1_0.updated_at,
        a1_0.wallet_balance,
        c1_0.id,
        c1_0.country,
        c1_0.created_at,
        c1_0.name,
        c1_0.state,
        t1_0.city,
        t1_0.created_at,
        t1_0.name,
        s1_0.time 
    from
        shows s1_0 
    join
        movies m1_0 
            on m1_0.id=s1_0.movie_id 
    join
        theaters t1_0 
            on t1_0.id=s1_0.theater_id 
    left join
        users a1_0 
            on a1_0.id=t1_0.admin_id 
    left join
        cities c1_0 
            on c1_0.id=t1_0.city_id 
    where
        s1_0.show_id=?
Hibernate: 
    select
        s1_0.show_id,
        s1_0.created_at,
        s1_0.date,
        s1_0.movie_id,
        m1_0.id,
        m1_0.cast,
        m1_0.created_at,
        m1_0.description,
        m1_0.director,
        m1_0.duration,
        m1_0.genre,
        m1_0.language,
        m1_0.movie_name,
        m1_0.now_showing,
        m1_0.poster_url,
        m1_0.rating,
        m1_0.release_date,
        m1_0.trailer_url,
        m1_0.updated_at,
        s1_0.theater_id,
        t1_0.id,
        t1_0.address,
        a1_0.id,
        a1_0.address,
        a1_0.age,
        a1_0.city_id,
        a1_0.created_at,
        a1_0.email_id,
        a1_0.gender,
        a1_0.is_active,
        a1_0.mobile_no,
        a1_0.name,
        a1_0.password,
        a1_0.role,
        a1_0.updated_at,
        a1_0.wallet_balance,
        c1_0.id,
        c1_0.country,
        c1_0.created_at,
        c1_0.name,
        c1_0.state,
        t1_0.city,
        t1_0.created_at,
        t1_0.name,
        s1_0.time 
    from
        shows s1_0 
    join
        movies m1_0 
            on m1_0.id=s1_0.movie_id 
    join
        theaters t1_0 
            on t1_0.id=s1_0.theater_id 
    left join
        users a1_0 
            on a1_0.id=t1_0.admin_id 
    left join
        cities c1_0 
            on c1_0.id=t1_0.city_id 
    where
        s1_0.show_id=?
Hibernate: 
    select
        s1_0.show_id,
        s1_0.created_at,
        s1_0.date,
        s1_0.movie_id,
        m1_0.id,
        m1_0.cast,
        m1_0.created_at,
        m1_0.description,
        m1_0.director,
        m1_0.duration,
        m1_0.genre,
        m1_0.language,
        m1_0.movie_name,
        m1_0.now_showing,
        m1_0.poster_url,
        m1_0.rating,
        m1_0.release_date,
        m1_0.trailer_url,
        m1_0.updated_at,
        s1_0.theater_id,
        t1_0.id,
        t1_0.address,
        a1_0.id,
        a1_0.address,
        a1_0.age,
        a1_0.city_id,
        a1_0.created_at,
        a1_0.email_id,
        a1_0.gender,
        a1_0.is_active,
        a1_0.mobile_no,
        a1_0.name,
        a1_0.password,
        a1_0.role,
        a1_0.updated_at,
        a1_0.wallet_balance,
        c1_0.id,
        c1_0.country,
        c1_0.created_at,
        c1_0.name,
        c1_0.state,
        t1_0.city,
        t1_0.created_at,
        t1_0.name,
        s1_0.time 
    from
        shows s1_0 
    join
        movies m1_0 
            on m1_0.id=s1_0.movie_id 
    join
        theaters t1_0 
            on t1_0.id=s1_0.theater_id 
    left join
        users a1_0 
            on a1_0.id=t1_0.admin_id 
    left join
        cities c1_0 
            on c1_0.id=t1_0.city_id 
    where
        s1_0.show_id=?
Hibernate: 
    select
        s1_0.show_id,
        s1_0.created_at,
        s1_0.date,
        s1_0.movie_id,
        m1_0.id,
        m1_0.cast,
        m1_0.created_at,
        m1_0.description,
        m1_0.director,
        m1_0.duration,
        m1_0.genre,
        m1_0.language,
        m1_0.movie_name,
        m1_0.now_showing,
        m1_0.poster_url,
        m1_0.rating,
        m1_0.release_date,
        m1_0.trailer_url,
        m1_0.updated_at,
        s1_0.theater_id,
        t1_0.id,
        t1_0.address,
        a1_0.id,
        a1_0.address,
        a1_0.age,
        a1_0.city_id,
        a1_0.created_at,
        a1_0.email_id,
        a1_0.gender,
        a1_0.is_active,
        a1_0.mobile_no,
        a1_0.name,
        a1_0.password,
        a1_0.role,
        a1_0.updated_at,
        a1_0.wallet_balance,
        c1_0.id,
        c1_0.country,
        c1_0.created_at,
        c1_0.name,
        c1_0.state,
        t1_0.city,
        t1_0.created_at,
        t1_0.name,
        s1_0.time 
    from
        shows s1_0 
    join
        movies m1_0 
            on m1_0.id=s1_0.movie_id 
    join
        theaters t1_0 
            on t1_0.id=s1_0.theater_id 
    left join
        users a1_0 
            on a1_0.id=t1_0.admin_id 
    left join
        cities c1_0 
            on c1_0.id=t1_0.city_id 
    where
        s1_0.show_id=?
Hibernate: 
    select
        s1_0.show_id,
        s1_0.created_at,
        s1_0.date,
        s1_0.movie_id,
        m1_0.id,
        m1_0.cast,
        m1_0.created_at,
        m1_0.description,
        m1_0.director,
        m1_0.duration,
        m1_0.genre,
        m1_0.language,
        m1_0.movie_name,
        m1_0.now_showing,
        m1_0.poster_url,
        m1_0.rating,
        m1_0.release_date,
        m1_0.trailer_url,
        m1_0.updated_at,
        s1_0.theater_id,
        t1_0.id,
        t1_0.address,
        a1_0.id,
        a1_0.address,
        a1_0.age,
        a1_0.city_id,
        a1_0.created_at,
        a1_0.email_id,
        a1_0.gender,
        a1_0.is_active,
        a1_0.mobile_no,
        a1_0.name,
        a1_0.password,
        a1_0.role,
        a1_0.updated_at,
        a1_0.wallet_balance,
        c1_0.id,
        c1_0.country,
        c1_0.created_at,
        c1_0.name,
        c1_0.state,
        t1_0.city,
        t1_0.created_at,
        t1_0.name,
        s1_0.time 
    from
        shows s1_0 
    join
        movies m1_0 
            on m1_0.id=s1_0.movie_id 
    join
        theaters t1_0 
            on t1_0.id=s1_0.theater_id 
    left join
        users a1_0 
            on a1_0.id=t1_0.admin_id 
    left join
        cities c1_0 
            on c1_0.id=t1_0.city_id 
    where
        s1_0.show_id=?
Hibernate: 
    select
        s1_0.show_id,
        s1_0.created_at,
        s1_0.date,
        s1_0.movie_id,
        m1_0.id,
        m1_0.cast,
        m1_0.created_at,
        m1_0.description,
        m1_0.director,
        m1_0.duration,
        m1_0.genre,
        m1_0.language,
        m1_0.movie_name,
        m1_0.now_showing,
        m1_0.poster_url,
        m1_0.rating,
        m1_0.release_date,
        m1_0.trailer_url,
        m1_0.updated_at,
        s1_0.theater_id,
        t1_0.id,
        t1_0.address,
        a1_0.id,
        a1_0.address,
        a1_0.age,
        a1_0.city_id,
        a1_0.created_at,
        a1_0.email_id,
        a1_0.gender,
        a1_0.is_active,
        a1_0.mobile_no,
        a1_0.name,
        a1_0.password,
        a1_0.role,
        a1_0.updated_at,
        a1_0.wallet_balance,
        c1_0.id,
        c1_0.country,
        c1_0.created_at,
        c1_0.name,
        c1_0.state,
        t1_0.city,
        t1_0.created_at,
        t1_0.name,
        s1_0.time 
    from
        shows s1_0 
    join
        movies m1_0 
            on m1_0.id=s1_0.movie_id 
    join
        theaters t1_0 
            on t1_0.id=s1_0.theater_id 
    left join
        users a1_0 
            on a1_0.id=t1_0.admin_id 
    left join
        cities c1_0 
            on c1_0.id=t1_0.city_id 
    where
        s1_0.show_id=?
Hibernate: 
    select
        s1_0.show_id,
        s1_0.created_at,
        s1_0.date,
        s1_0.movie_id,
        m1_0.id,
        m1_0.cast,
        m1_0.created_at,
        m1_0.description,
        m1_0.director,
        m1_0.duration,
        m1_0.genre,
        m1_0.language,
        m1_0.movie_name,
        m1_0.now_showing,
        m1_0.poster_url,
        m1_0.rating,
        m1_0.release_date,
        m1_0.trailer_url,
        m1_0.updated_at,
        s1_0.theater_id,
        t1_0.id,
        t1_0.address,
        a1_0.id,
        a1_0.address,
        a1_0.age,
        a1_0.city_id,
        a1_0.created_at,
        a1_0.email_id,
        a1_0.gender,
        a1_0.is_active,
        a1_0.mobile_no,
        a1_0.name,
        a1_0.password,
        a1_0.role,
        a1_0.updated_at,
        a1_0.wallet_balance,
        c1_0.id,
        c1_0.country,
        c1_0.created_at,
        c1_0.name,
        c1_0.state,
        t1_0.city,
        t1_0.created_at,
        t1_0.name,
        s1_0.time 
    from
        shows s1_0 
    join
        movies m1_0 
            on m1_0.id=s1_0.movie_id 
    join
        theaters t1_0 
            on t1_0.id=s1_0.theater_id 
    left join
        users a1_0 
            on a1_0.id=t1_0.admin_id 
    left join
        cities c1_0 
            on c1_0.id=t1_0.city_id 
    where
        s1_0.show_id=?
Hibernate: 
    select
        s1_0.show_id,
        s1_0.created_at,
        s1_0.date,
        s1_0.movie_id,
        m1_0.id,
        m1_0.cast,
        m1_0.created_at,
        m1_0.description,
        m1_0.director,
        m1_0.duration,
        m1_0.genre,
        m1_0.language,
        m1_0.movie_name,
        m1_0.now_showing,
        m1_0.poster_url,
        m1_0.rating,
        m1_0.release_date,
        m1_0.trailer_url,
        m1_0.updated_at,
        s1_0.theater_id,
        t1_0.id,
        t1_0.address,
        a1_0.id,
        a1_0.address,
        a1_0.age,
        a1_0.city_id,
        a1_0.created_at,
        a1_0.email_id,
        a1_0.gender,
        a1_0.is_active,
        a1_0.mobile_no,
        a1_0.name,
        a1_0.password,
        a1_0.role,
        a1_0.updated_at,
        a1_0.wallet_balance,
        c1_0.id,
        c1_0.country,
        c1_0.created_at,
        c1_0.name,
        c1_0.state,
        t1_0.city,
        t1_0.created_at,
        t1_0.name,
        s1_0.time 
    from
        shows s1_0 
    join
        movies m1_0 
            on m1_0.id=s1_0.movie_id 
    join
        theaters t1_0 
            on t1_0.id=s1_0.theater_id 
    left join
        users a1_0 
            on a1_0.id=t1_0.admin_id 
    left join
        cities c1_0 
            on c1_0.id=t1_0.city_id 
    where
        s1_0.show_id=?
Hibernate: 
    select
        s1_0.show_id,
        s1_0.created_at,
        s1_0.date,
        s1_0.movie_id,
        m1_0.id,
        m1_0.cast,
        m1_0.created_at,
        m1_0.description,
        m1_0.director,
        m1_0.duration,
        m1_0.genre,
        m1_0.language,
        m1_0.movie_name,
        m1_0.now_showing,
        m1_0.poster_url,
        m1_0.rating,
        m1_0.release_date,
        m1_0.trailer_url,
        m1_0.updated_at,
        s1_0.theater_id,
        t1_0.id,
        t1_0.address,
        a1_0.id,
        a1_0.address,
        a1_0.age,
        a1_0.city_id,
        a1_0.created_at,
        a1_0.email_id,
        a1_0.gender,
        a1_0.is_active,
        a1_0.mobile_no,
        a1_0.name,
        a1_0.password,
        a1_0.role,
        a1_0.updated_at,
        a1_0.wallet_balance,
        c1_0.id,
        c1_0.country,
        c1_0.created_at,
        c1_0.name,
        c1_0.state,
        t1_0.city,
        t1_0.created_at,
        t1_0.name,
        s1_0.time 
    from
        shows s1_0 
    join
        movies m1_0 
            on m1_0.id=s1_0.movie_id 
    join
        theaters t1_0 
            on t1_0.id=s1_0.theater_id 
    left join
        users a1_0 
            on a1_0.id=t1_0.admin_id 
    left join
        cities c1_0 
            on c1_0.id=t1_0.city_id 
    where
        s1_0.show_id=?
Hibernate: 
    select
        s1_0.show_id,
        s1_0.created_at,
        s1_0.date,
        s1_0.movie_id,
        m1_0.id,
        m1_0.cast,
        m1_0.created_at,
        m1_0.description,
        m1_0.director,
        m1_0.duration,
        m1_0.genre,
        m1_0.language,
        m1_0.movie_name,
        m1_0.now_showing,
        m1_0.poster_url,
        m1_0.rating,
        m1_0.release_date,
        m1_0.trailer_url,
        m1_0.updated_at,
        s1_0.theater_id,
        t1_0.id,
        t1_0.address,
        a1_0.id,
        a1_0.address,
        a1_0.age,
        a1_0.city_id,
        a1_0.created_at,
        a1_0.email_id,
        a1_0.gender,
        a1_0.is_active,
        a1_0.mobile_no,
        a1_0.name,
        a1_0.password,
        a1_0.role,
        a1_0.updated_at,
        a1_0.wallet_balance,
        c1_0.id,
        c1_0.country,
        c1_0.created_at,
        c1_0.name,
        c1_0.state,
        t1_0.city,
        t1_0.created_at,
        t1_0.name,
        s1_0.time 
    from
        shows s1_0 
    join
        movies m1_0 
            on m1_0.id=s1_0.movie_id 
    join
        theaters t1_0 
            on t1_0.id=s1_0.theater_id 
    left join
        users a1_0 
            on a1_0.id=t1_0.admin_id 
    left join
        cities c1_0 
            on c1_0.id=t1_0.city_id 
    where
        s1_0.show_id=?
Hibernate: 
    select
        s1_0.show_id,
        s1_0.created_at,
        s1_0.date,
        s1_0.movie_id,
        m1_0.id,
        m1_0.cast,
        m1_0.created_at,
        m1_0.description,
        m1_0.director,
        m1_0.duration,
        m1_0.genre,
        m1_0.language,
        m1_0.movie_name,
        m1_0.now_showing,
        m1_0.poster_url,
        m1_0.rating,
        m1_0.release_date,
        m1_0.trailer_url,
        m1_0.updated_at,
        s1_0.theater_id,
        t1_0.id,
        t1_0.address,
        a1_0.id,
        a1_0.address,
        a1_0.age,
        a1_0.city_id,
        a1_0.created_at,
        a1_0.email_id,
        a1_0.gender,
        a1_0.is_active,
        a1_0.mobile_no,
        a1_0.name,
        a1_0.password,
        a1_0.role,
        a1_0.updated_at,
        a1_0.wallet_balance,
        c1_0.id,
        c1_0.country,
        c1_0.created_at,
        c1_0.name,
        c1_0.state,
        t1_0.city,
        t1_0.created_at,
        t1_0.name,
        s1_0.time 
    from
        shows s1_0 
    join
        movies m1_0 
            on m1_0.id=s1_0.movie_id 
    join
        theaters t1_0 
            on t1_0.id=s1_0.theater_id 
    left join
        users a1_0 
            on a1_0.id=t1_0.admin_id 
    left join
        cities c1_0 
            on c1_0.id=t1_0.city_id 
    where
        s1_0.show_id=?
Hibernate: 
    select
        s1_0.show_id,
        s1_0.created_at,
        s1_0.date,
        s1_0.movie_id,
        m1_0.id,
        m1_0.cast,
        m1_0.created_at,
        m1_0.description,
        m1_0.director,
        m1_0.duration,
        m1_0.genre,
        m1_0.language,
        m1_0.movie_name,
        m1_0.now_showing,
        m1_0.poster_url,
        m1_0.rating,
        m1_0.release_date,
        m1_0.trailer_url,
        m1_0.updated_at,
        s1_0.theater_id,
        t1_0.id,
        t1_0.address,
        a1_0.id,
        a1_0.address,
        a1_0.age,
        a1_0.city_id,
        a1_0.created_at,
        a1_0.email_id,
        a1_0.gender,
        a1_0.is_active,
        a1_0.mobile_no,
        a1_0.name,
        a1_0.password,
        a1_0.role,
        a1_0.updated_at,
        a1_0.wallet_balance,
        c1_0.id,
        c1_0.country,
        c1_0.created_at,
        c1_0.name,
        c1_0.state,
        t1_0.city,
        t1_0.created_at,
        t1_0.name,
        s1_0.time 
    from
        shows s1_0 
    join
        movies m1_0 
            on m1_0.id=s1_0.movie_id 
    join
        theaters t1_0 
            on t1_0.id=s1_0.theater_id 
    left join
        users a1_0 
            on a1_0.id=t1_0.admin_id 
    left join
        cities c1_0 
            on c1_0.id=t1_0.city_id 
    where
        s1_0.show_id=?
Hibernate: 
    select
        s1_0.show_id,
        s1_0.created_at,
        s1_0.date,
        s1_0.movie_id,
        m1_0.id,
        m1_0.cast,
        m1_0.created_at,
        m1_0.description,
        m1_0.director,
        m1_0.duration,
        m1_0.genre,
        m1_0.language,
        m1_0.movie_name,
        m1_0.now_showing,
        m1_0.poster_url,
        m1_0.rating,
        m1_0.release_date,
        m1_0.trailer_url,
        m1_0.updated_at,
        s1_0.theater_id,
        t1_0.id,
        t1_0.address,
        a1_0.id,
        a1_0.address,
        a1_0.age,
        a1_0.city_id,
        a1_0.created_at,
        a1_0.email_id,
        a1_0.gender,
        a1_0.is_active,
        a1_0.mobile_no,
        a1_0.name,
        a1_0.password,
        a1_0.role,
        a1_0.updated_at,
        a1_0.wallet_balance,
        c1_0.id,
        c1_0.country,
        c1_0.created_at,
        c1_0.name,
        c1_0.state,
        t1_0.city,
        t1_0.created_at,
        t1_0.name,
        s1_0.time 
    from
        shows s1_0 
    join
        movies m1_0 
            on m1_0.id=s1_0.movie_id 
    join
        theaters t1_0 
            on t1_0.id=s1_0.theater_id 
    left join
        users a1_0 
            on a1_0.id=t1_0.admin_id 
    left join
        cities c1_0 
            on c1_0.id=t1_0.city_id 
    where
        s1_0.show_id=?
Hibernate: 
    select
        s1_0.show_id,
        s1_0.created_at,
        s1_0.date,
        s1_0.movie_id,
        m1_0.id,
        m1_0.cast,
        m1_0.created_at,
        m1_0.description,
        m1_0.director,
        m1_0.duration,
        m1_0.genre,
        m1_0.language,
        m1_0.movie_name,
        m1_0.now_showing,
        m1_0.poster_url,
        m1_0.rating,
        m1_0.release_date,
        m1_0.trailer_url,
        m1_0.updated_at,
        s1_0.theater_id,
        t1_0.id,
        t1_0.address,
        a1_0.id,
        a1_0.address,
        a1_0.age,
        a1_0.city_id,
        a1_0.created_at,
        a1_0.email_id,
        a1_0.gender,
        a1_0.is_active,
        a1_0.mobile_no,
        a1_0.name,
        a1_0.password,
        a1_0.role,
        a1_0.updated_at,
        a1_0.wallet_balance,
        c1_0.id,
        c1_0.country,
        c1_0.created_at,
        c1_0.name,
        c1_0.state,
        t1_0.city,
        t1_0.created_at,
        t1_0.name,
        s1_0.time 
    from
        shows s1_0 
    join
        movies m1_0 
            on m1_0.id=s1_0.movie_id 
    join
        theaters t1_0 
            on t1_0.id=s1_0.theater_id 
    left join
        users a1_0 
            on a1_0.id=t1_0.admin_id 
    left join
        cities c1_0 
            on c1_0.id=t1_0.city_id 
    where
        s1_0.show_id=?
Hibernate: 
    select
        s1_0.show_id,
        s1_0.created_at,
        s1_0.date,
        s1_0.movie_id,
        m1_0.id,
        m1_0.cast,
        m1_0.created_at,
        m1_0.description,
        m1_0.director,
        m1_0.duration,
        m1_0.genre,
        m1_0.language,
        m1_0.movie_name,
        m1_0.now_showing,
        m1_0.poster_url,
        m1_0.rating,
        m1_0.release_date,
        m1_0.trailer_url,
        m1_0.updated_at,
        s1_0.theater_id,
        t1_0.id,
        t1_0.address,
        a1_0.id,
        a1_0.address,
        a1_0.age,
        a1_0.city_id,
        a1_0.created_at,
        a1_0.email_id,
        a1_0.gender,
        a1_0.is_active,
        a1_0.mobile_no,
        a1_0.name,
        a1_0.password,
        a1_0.role,
        a1_0.updated_at,
        a1_0.wallet_balance,
        c1_0.id,
        c1_0.country,
        c1_0.created_at,
        c1_0.name,
        c1_0.state,
        t1_0.city,
        t1_0.created_at,
        t1_0.name,
        s1_0.time 
    from
        shows s1_0 
    join
        movies m1_0 
            on m1_0.id=s1_0.movie_id 
    join
        theaters t1_0 
            on t1_0.id=s1_0.theater_id 
    left join
        users a1_0 
            on a1_0.id=t1_0.admin_id 
    left join
        cities c1_0 
            on c1_0.id=t1_0.city_id 
    where
        s1_0.show_id=?
Hibernate: 
    select
        u1_0.id,
        u1_0.address,
        u1_0.age,
        u1_0.city_id,
        u1_0.created_at,
        u1_0.email_id,
        u1_0.gender,
        u1_0.is_active,
        u1_0.mobile_no,
        u1_0.name,
        u1_0.password,
        u1_0.role,
        u1_0.updated_at,
        u1_0.wallet_balance 
    from
        users u1_0 
    where
        u1_0.id=?
Hibernate: 
    select
        s1_0.show_id,
        s1_0.created_at,
        s1_0.date,
        s1_0.movie_id,
        m1_0.id,
        m1_0.cast,
        m1_0.created_at,
        m1_0.description,
        m1_0.director,
        m1_0.duration,
        m1_0.genre,
        m1_0.language,
        m1_0.movie_name,
        m1_0.now_showing,
        m1_0.poster_url,
        m1_0.rating,
        m1_0.release_date,
        m1_0.trailer_url,
        m1_0.updated_at,
        s1_0.theater_id,
        t1_0.id,
        t1_0.address,
        a1_0.id,
        a1_0.address,
        a1_0.age,
        a1_0.city_id,
        a1_0.created_at,
        a1_0.email_id,
        a1_0.gender,
        a1_0.is_active,
        a1_0.mobile_no,
        a1_0.name,
        a1_0.password,
        a1_0.role,
        a1_0.updated_at,
        a1_0.wallet_balance,
        c1_0.id,
        c1_0.country,
        c1_0.created_at,
        c1_0.name,
        c1_0.state,
        t1_0.city,
        t1_0.created_at,
        t1_0.name,
        s1_0.time 
    from
        shows s1_0 
    join
        movies m1_0 
            on m1_0.id=s1_0.movie_id 
    join
        theaters t1_0 
            on t1_0.id=s1_0.theater_id 
    left join
        users a1_0 
            on a1_0.id=t1_0.admin_id 
    left join
        cities c1_0 
            on c1_0.id=t1_0.city_id 
    where
        s1_0.show_id=?
Hibernate: 
    select
        s1_0.show_id,
        s1_0.created_at,
        s1_0.date,
        s1_0.movie_id,
        m1_0.id,
        m1_0.cast,
        m1_0.created_at,
        m1_0.description,
        m1_0.director,
        m1_0.duration,
        m1_0.genre,
        m1_0.language,
        m1_0.movie_name,
        m1_0.now_showing,
        m1_0.poster_url,
        m1_0.rating,
        m1_0.release_date,
        m1_0.trailer_url,
        m1_0.updated_at,
        s1_0.theater_id,
        t1_0.id,
        t1_0.address,
        a1_0.id,
        a1_0.address,
        a1_0.age,
        a1_0.city_id,
        a1_0.created_at,
        a1_0.email_id,
        a1_0.gender,
        a1_0.is_active,
        a1_0.mobile_no,
        a1_0.name,
        a1_0.password,
        a1_0.role,
        a1_0.updated_at,
        a1_0.wallet_balance,
        c1_0.id,
        c1_0.country,
        c1_0.created_at,
        c1_0.name,
        c1_0.state,
        t1_0.city,
        t1_0.created_at,
        t1_0.name,
        s1_0.time 
    from
        shows s1_0 
    join
        movies m1_0 
            on m1_0.id=s1_0.movie_id 
    join
        theaters t1_0 
            on t1_0.id=s1_0.theater_id 
    left join
        users a1_0 
            on a1_0.id=t1_0.admin_id 
    left join
        cities c1_0 
            on c1_0.id=t1_0.city_id 
    where
        s1_0.show_id=?
Hibernate: 
    select
        s1_0.show_id,
        s1_0.created_at,
        s1_0.date,
        s1_0.movie_id,
        m1_0.id,
        m1_0.cast,
        m1_0.created_at,
        m1_0.description,
        m1_0.director,
        m1_0.duration,
        m1_0.genre,
        m1_0.language,
        m1_0.movie_name,
        m1_0.now_showing,
        m1_0.poster_url,
        m1_0.rating,
        m1_0.release_date,
        m1_0.trailer_url,
        m1_0.updated_at,
        s1_0.theater_id,
        t1_0.id,
        t1_0.address,
        a1_0.id,
        a1_0.address,
        a1_0.age,
        a1_0.city_id,
        a1_0.created_at,
        a1_0.email_id,
        a1_0.gender,
        a1_0.is_active,
        a1_0.mobile_no,
        a1_0.name,
        a1_0.password,
        a1_0.role,
        a1_0.updated_at,
        a1_0.wallet_balance,
        c1_0.id,
        c1_0.country,
        c1_0.created_at,
        c1_0.name,
        c1_0.state,
        t1_0.city,
        t1_0.created_at,
        t1_0.name,
        s1_0.time 
    from
        shows s1_0 
    join
        movies m1_0 
            on m1_0.id=s1_0.movie_id 
    join
        theaters t1_0 
            on t1_0.id=s1_0.theater_id 
    left join
        users a1_0 
            on a1_0.id=t1_0.admin_id 
    left join
        cities c1_0 
            on c1_0.id=t1_0.city_id 
    where
        s1_0.show_id=?
Hibernate: 
    select
        s1_0.show_id,
        s1_0.created_at,
        s1_0.date,
        s1_0.movie_id,
        m1_0.id,
        m1_0.cast,
        m1_0.created_at,
        m1_0.description,
        m1_0.director,
        m1_0.duration,
        m1_0.genre,
        m1_0.language,
        m1_0.movie_name,
        m1_0.now_showing,
        m1_0.poster_url,
        m1_0.rating,
        m1_0.release_date,
        m1_0.trailer_url,
        m1_0.updated_at,
        s1_0.theater_id,
        t1_0.id,
        t1_0.address,
        a1_0.id,
        a1_0.address,
        a1_0.age,
        a1_0.city_id,
        a1_0.created_at,
        a1_0.email_id,
        a1_0.gender,
        a1_0.is_active,
        a1_0.mobile_no,
        a1_0.name,
        a1_0.password,
        a1_0.role,
        a1_0.updated_at,
        a1_0.wallet_balance,
        c1_0.id,
        c1_0.country,
        c1_0.created_at,
        c1_0.name,
        c1_0.state,
        t1_0.city,
        t1_0.created_at,
        t1_0.name,
        s1_0.time 
    from
        shows s1_0 
    join
        movies m1_0 
            on m1_0.id=s1_0.movie_id 
    join
        theaters t1_0 
            on t1_0.id=s1_0.theater_id 
    left join
        users a1_0 
            on a1_0.id=t1_0.admin_id 
    left join
        cities c1_0 
            on c1_0.id=t1_0.city_id 
    where
        s1_0.show_id=?
Hibernate: 
    select
        s1_0.show_id,
        s1_0.created_at,
        s1_0.date,
        s1_0.movie_id,
        m1_0.id,
        m1_0.cast,
        m1_0.created_at,
        m1_0.description,
        m1_0.director,
        m1_0.duration,
        m1_0.genre,
        m1_0.language,
        m1_0.movie_name,
        m1_0.now_showing,
        m1_0.poster_url,
        m1_0.rating,
        m1_0.release_date,
        m1_0.trailer_url,
        m1_0.updated_at,
        s1_0.theater_id,
        t1_0.id,
        t1_0.address,
        a1_0.id,
        a1_0.address,
        a1_0.age,
        a1_0.city_id,
        a1_0.created_at,
        a1_0.email_id,
        a1_0.gender,
        a1_0.is_active,
        a1_0.mobile_no,
        a1_0.name,
        a1_0.password,
        a1_0.role,
        a1_0.updated_at,
        a1_0.wallet_balance,
        c1_0.id,
        c1_0.country,
        c1_0.created_at,
        c1_0.name,
        c1_0.state,
        t1_0.city,
        t1_0.created_at,
        t1_0.name,
        s1_0.time 
    from
        shows s1_0 
    join
        movies m1_0 
            on m1_0.id=s1_0.movie_id 
    join
        theaters t1_0 
            on t1_0.id=s1_0.theater_id 
    left join
        users a1_0 
            on a1_0.id=t1_0.admin_id 
    left join
        cities c1_0 
            on c1_0.id=t1_0.city_id 
    where
        s1_0.show_id=?
Hibernate: 
    select
        s1_0.show_id,
        s1_0.created_at,
        s1_0.date,
        s1_0.movie_id,
        m1_0.id,
        m1_0.cast,
        m1_0.created_at,
        m1_0.description,
        m1_0.director,
        m1_0.duration,
        m1_0.genre,
        m1_0.language,
        m1_0.movie_name,
        m1_0.now_showing,
        m1_0.poster_url,
        m1_0.rating,
        m1_0.release_date,
        m1_0.trailer_url,
        m1_0.updated_at,
        s1_0.theater_id,
        t1_0.id,
        t1_0.address,
        a1_0.id,
        a1_0.address,
        a1_0.age,
        a1_0.city_id,
        a1_0.created_at,
        a1_0.email_id,
        a1_0.gender,
        a1_0.is_active,
        a1_0.mobile_no,
        a1_0.name,
        a1_0.password,
        a1_0.role,
        a1_0.updated_at,
        a1_0.wallet_balance,
        c1_0.id,
        c1_0.country,
        c1_0.created_at,
        c1_0.name,
        c1_0.state,
        t1_0.city,
        t1_0.created_at,
        t1_0.name,
        s1_0.time 
    from
        shows s1_0 
    join
        movies m1_0 
            on m1_0.id=s1_0.movie_id 
    join
        theaters t1_0 
            on t1_0.id=s1_0.theater_id 
    left join
        users a1_0 
            on a1_0.id=t1_0.admin_id 
    left join
        cities c1_0 
            on c1_0.id=t1_0.city_id 
    where
        s1_0.show_id=?
Hibernate: 
    select
        s1_0.show_id,
        s1_0.created_at,
        s1_0.date,
        s1_0.movie_id,
        m1_0.id,
        m1_0.cast,
        m1_0.created_at,
        m1_0.description,
        m1_0.director,
        m1_0.duration,
        m1_0.genre,
        m1_0.language,
        m1_0.movie_name,
        m1_0.now_showing,
        m1_0.poster_url,
        m1_0.rating,
        m1_0.release_date,
        m1_0.trailer_url,
        m1_0.updated_at,
        s1_0.theater_id,
        t1_0.id,
        t1_0.address,
        a1_0.id,
        a1_0.address,
        a1_0.age,
        a1_0.city_id,
        a1_0.created_at,
        a1_0.email_id,
        a1_0.gender,
        a1_0.is_active,
        a1_0.mobile_no,
        a1_0.name,
        a1_0.password,
        a1_0.role,
        a1_0.updated_at,
        a1_0.wallet_balance,
        c1_0.id,
        c1_0.country,
        c1_0.created_at,
        c1_0.name,
        c1_0.state,
        t1_0.city,
        t1_0.created_at,
        t1_0.name,
        s1_0.time 
    from
        shows s1_0 
    join
        movies m1_0 
            on m1_0.id=s1_0.movie_id 
    join
        theaters t1_0 
            on t1_0.id=s1_0.theater_id 
    left join
        users a1_0 
            on a1_0.id=t1_0.admin_id 
    left join
        cities c1_0 
            on c1_0.id=t1_0.city_id 
    where
        s1_0.show_id=?
Hibernate: 
    select
        s1_0.show_id,
        s1_0.created_at,
        s1_0.date,
        s1_0.movie_id,
        m1_0.id,
        m1_0.cast,
        m1_0.created_at,
        m1_0.description,
        m1_0.director,
        m1_0.duration,
        m1_0.genre,
        m1_0.language,
        m1_0.movie_name,
        m1_0.now_showing,
        m1_0.poster_url,
        m1_0.rating,
        m1_0.release_date,
        m1_0.trailer_url,
        m1_0.updated_at,
        s1_0.theater_id,
        t1_0.id,
        t1_0.address,
        a1_0.id,
        a1_0.address,
        a1_0.age,
        a1_0.city_id,
        a1_0.created_at,
        a1_0.email_id,
        a1_0.gender,
        a1_0.is_active,
        a1_0.mobile_no,
        a1_0.name,
        a1_0.password,
        a1_0.role,
        a1_0.updated_at,
        a1_0.wallet_balance,
        c1_0.id,
        c1_0.country,
        c1_0.created_at,
        c1_0.name,
        c1_0.state,
        t1_0.city,
        t1_0.created_at,
        t1_0.name,
        s1_0.time 
    from
        shows s1_0 
    join
        movies m1_0 
            on m1_0.id=s1_0.movie_id 
    join
        theaters t1_0 
            on t1_0.id=s1_0.theater_id 
    left join
        users a1_0 
            on a1_0.id=t1_0.admin_id 
    left join
        cities c1_0 
            on c1_0.id=t1_0.city_id 
    where
        s1_0.show_id=?
Hibernate: 
    select
        u1_0.id,
        u1_0.address,
        u1_0.age,
        u1_0.city_id,
        u1_0.created_at,
        u1_0.email_id,
        u1_0.gender,
        u1_0.is_active,
        u1_0.mobile_no,
        u1_0.name,
        u1_0.password,
        u1_0.role,
        u1_0.updated_at,
        u1_0.wallet_balance 
    from
        users u1_0 
    where
        u1_0.id=?
Hibernate: 
    select
        u1_0.id,
        u1_0.address,
        u1_0.age,
        u1_0.city_id,
        u1_0.created_at,
        u1_0.email_id,
        u1_0.gender,
        u1_0.is_active,
        u1_0.mobile_no,
        u1_0.name,
        u1_0.password,
        u1_0.role,
        u1_0.updated_at,
        u1_0.wallet_balance 
    from
        users u1_0 
    where
        u1_0.id=?
Hibernate: 
    select
        s1_0.show_id,
        s1_0.created_at,
        s1_0.date,
        s1_0.movie_id,
        m1_0.id,
        m1_0.cast,
        m1_0.created_at,
        m1_0.description,
        m1_0.director,
        m1_0.duration,
        m1_0.genre,
        m1_0.language,
        m1_0.movie_name,
        m1_0.now_showing,
        m1_0.poster_url,
        m1_0.rating,
        m1_0.release_date,
        m1_0.trailer_url,
        m1_0.updated_at,
        s1_0.theater_id,
        t1_0.id,
        t1_0.address,
        a1_0.id,
        a1_0.address,
        a1_0.age,
        a1_0.city_id,
        a1_0.created_at,
        a1_0.email_id,
        a1_0.gender,
        a1_0.is_active,
        a1_0.mobile_no,
        a1_0.name,
        a1_0.password,
        a1_0.role,
        a1_0.updated_at,
        a1_0.wallet_balance,
        c1_0.id,
        c1_0.country,
        c1_0.created_at,
        c1_0.name,
        c1_0.state,
        t1_0.city,
        t1_0.created_at,
        t1_0.name,
        s1_0.time 
    from
        shows s1_0 
    join
        movies m1_0 
            on m1_0.id=s1_0.movie_id 
    join
        theaters t1_0 
            on t1_0.id=s1_0.theater_id 
    left join
        users a1_0 
            on a1_0.id=t1_0.admin_id 
    left join
        cities c1_0 
            on c1_0.id=t1_0.city_id 
    where
        s1_0.show_id=?
Hibernate: 
    select
        s1_0.show_id,
        s1_0.created_at,
        s1_0.date,
        s1_0.movie_id,
        m1_0.id,
        m1_0.cast,
        m1_0.created_at,
        m1_0.description,
        m1_0.director,
        m1_0.duration,
        m1_0.genre,
        m1_0.language,
        m1_0.movie_name,
        m1_0.now_showing,
        m1_0.poster_url,
        m1_0.rating,
        m1_0.release_date,
        m1_0.trailer_url,
        m1_0.updated_at,
        s1_0.theater_id,
        t1_0.id,
        t1_0.address,
        a1_0.id,
        a1_0.address,
        a1_0.age,
        a1_0.city_id,
        a1_0.created_at,
        a1_0.email_id,
        a1_0.gender,
        a1_0.is_active,
        a1_0.mobile_no,
        a1_0.name,
        a1_0.password,
        a1_0.role,
        a1_0.updated_at,
        a1_0.wallet_balance,
        c1_0.id,
        c1_0.country,
        c1_0.created_at,
        c1_0.name,
        c1_0.state,
        t1_0.city,
        t1_0.created_at,
        t1_0.name,
        s1_0.time 
    from
        shows s1_0 
    join
        movies m1_0 
            on m1_0.id=s1_0.movie_id 
    join
        theaters t1_0 
            on t1_0.id=s1_0.theater_id 
    left join
        users a1_0 
            on a1_0.id=t1_0.admin_id 
    left join
        cities c1_0 
            on c1_0.id=t1_0.city_id 
    where
        s1_0.show_id=?
Hibernate: 
    select
        s1_0.show_id,
        s1_0.created_at,
        s1_0.date,
        s1_0.movie_id,
        m1_0.id,
        m1_0.cast,
        m1_0.created_at,
        m1_0.description,
        m1_0.director,
        m1_0.duration,
        m1_0.genre,
        m1_0.language,
        m1_0.movie_name,
        m1_0.now_showing,
        m1_0.poster_url,
        m1_0.rating,
        m1_0.release_date,
        m1_0.trailer_url,
        m1_0.updated_at,
        s1_0.theater_id,
        t1_0.id,
        t1_0.address,
        a1_0.id,
        a1_0.address,
        a1_0.age,
        a1_0.city_id,
        a1_0.created_at,
        a1_0.email_id,
        a1_0.gender,
        a1_0.is_active,
        a1_0.mobile_no,
        a1_0.name,
        a1_0.password,
        a1_0.role,
        a1_0.updated_at,
        a1_0.wallet_balance,
        c1_0.id,
        c1_0.country,
        c1_0.created_at,
        c1_0.name,
        c1_0.state,
        t1_0.city,
        t1_0.created_at,
        t1_0.name,
        s1_0.time 
    from
        shows s1_0 
    join
        movies m1_0 
            on m1_0.id=s1_0.movie_id 
    join
        theaters t1_0 
            on t1_0.id=s1_0.theater_id 
    left join
        users a1_0 
            on a1_0.id=t1_0.admin_id 
    left join
        cities c1_0 
            on c1_0.id=t1_0.city_id 
    where
        s1_0.show_id=?
Hibernate: 
    select
        s1_0.show_id,
        s1_0.created_at,
        s1_0.date,
        s1_0.movie_id,
        m1_0.id,
        m1_0.cast,
        m1_0.created_at,
        m1_0.description,
        m1_0.director,
        m1_0.duration,
        m1_0.genre,
        m1_0.language,
        m1_0.movie_name,
        m1_0.now_showing,
        m1_0.poster_url,
        m1_0.rating,
        m1_0.release_date,
        m1_0.trailer_url,
        m1_0.updated_at,
        s1_0.theater_id,
        t1_0.id,
        t1_0.address,
        a1_0.id,
        a1_0.address,
        a1_0.age,
        a1_0.city_id,
        a1_0.created_at,
        a1_0.email_id,
        a1_0.gender,
        a1_0.is_active,
        a1_0.mobile_no,
        a1_0.name,
        a1_0.password,
        a1_0.role,
        a1_0.updated_at,
        a1_0.wallet_balance,
        c1_0.id,
        c1_0.country,
        c1_0.created_at,
        c1_0.name,
        c1_0.state,
        t1_0.city,
        t1_0.created_at,
        t1_0.name,
        s1_0.time 
    from
        shows s1_0 
    join
        movies m1_0 
            on m1_0.id=s1_0.movie_id 
    join
        theaters t1_0 
            on t1_0.id=s1_0.theater_id 
    left join
        users a1_0 
            on a1_0.id=t1_0.admin_id 
    left join
        cities c1_0 
            on c1_0.id=t1_0.city_id 
    where
        s1_0.show_id=?
Hibernate: 
    select
        u1_0.id,
        u1_0.address,
        u1_0.age,
        u1_0.city_id,
        u1_0.created_at,
        u1_0.email_id,
        u1_0.gender,
        u1_0.is_active,
        u1_0.mobile_no,
        u1_0.name,
        u1_0.password,
        u1_0.role,
        u1_0.updated_at,
        u1_0.wallet_balance 
    from
        users u1_0 
    where
        u1_0.id=?
Hibernate: 
    select
        s1_0.show_id,
        s1_0.created_at,
        s1_0.date,
        s1_0.movie_id,
        m1_0.id,
        m1_0.cast,
        m1_0.created_at,
        m1_0.description,
        m1_0.director,
        m1_0.duration,
        m1_0.genre,
        m1_0.language,
        m1_0.movie_name,
        m1_0.now_showing,
        m1_0.poster_url,
        m1_0.rating,
        m1_0.release_date,
        m1_0.trailer_url,
        m1_0.updated_at,
        s1_0.theater_id,
        t1_0.id,
        t1_0.address,
        a1_0.id,
        a1_0.address,
        a1_0.age,
        a1_0.city_id,
        a1_0.created_at,
        a1_0.email_id,
        a1_0.gender,
        a1_0.is_active,
        a1_0.mobile_no,
        a1_0.name,
        a1_0.password,
        a1_0.role,
        a1_0.updated_at,
        a1_0.wallet_balance,
        c1_0.id,
        c1_0.country,
        c1_0.created_at,
        c1_0.name,
        c1_0.state,
        t1_0.city,
        t1_0.created_at,
        t1_0.name,
        s1_0.time 
    from
        shows s1_0 
    join
        movies m1_0 
            on m1_0.id=s1_0.movie_id 
    join
        theaters t1_0 
            on t1_0.id=s1_0.theater_id 
    left join
        users a1_0 
            on a1_0.id=t1_0.admin_id 
    left join
        cities c1_0 
            on c1_0.id=t1_0.city_id 
    where
        s1_0.show_id=?
Hibernate: 
    select
        s1_0.show_id,
        s1_0.created_at,
        s1_0.date,
        s1_0.movie_id,
        m1_0.id,
        m1_0.cast,
        m1_0.created_at,
        m1_0.description,
        m1_0.director,
        m1_0.duration,
        m1_0.genre,
        m1_0.language,
        m1_0.movie_name,
        m1_0.now_showing,
        m1_0.poster_url,
        m1_0.rating,
        m1_0.release_date,
        m1_0.trailer_url,
        m1_0.updated_at,
        s1_0.theater_id,
        t1_0.id,
        t1_0.address,
        a1_0.id,
        a1_0.address,
        a1_0.age,
        a1_0.city_id,
        a1_0.created_at,
        a1_0.email_id,
        a1_0.gender,
        a1_0.is_active,
        a1_0.mobile_no,
        a1_0.name,
        a1_0.password,
        a1_0.role,
        a1_0.updated_at,
        a1_0.wallet_balance,
        c1_0.id,
        c1_0.country,
        c1_0.created_at,
        c1_0.name,
        c1_0.state,
        t1_0.city,
        t1_0.created_at,
        t1_0.name,
        s1_0.time 
    from
        shows s1_0 
    join
        movies m1_0 
            on m1_0.id=s1_0.movie_id 
    join
        theaters t1_0 
            on t1_0.id=s1_0.theater_id 
    left join
        users a1_0 
            on a1_0.id=t1_0.admin_id 
    left join
        cities c1_0 
            on c1_0.id=t1_0.city_id 
    where
        s1_0.show_id=?
Hibernate: 
    select
        s1_0.show_id,
        s1_0.created_at,
        s1_0.date,
        s1_0.movie_id,
        m1_0.id,
        m1_0.cast,
        m1_0.created_at,
        m1_0.description,
        m1_0.director,
        m1_0.duration,
        m1_0.genre,
        m1_0.language,
        m1_0.movie_name,
        m1_0.now_showing,
        m1_0.poster_url,
        m1_0.rating,
        m1_0.release_date,
        m1_0.trailer_url,
        m1_0.updated_at,
        s1_0.theater_id,
        t1_0.id,
        t1_0.address,
        a1_0.id,
        a1_0.address,
        a1_0.age,
        a1_0.city_id,
        a1_0.created_at,
        a1_0.email_id,
        a1_0.gender,
        a1_0.is_active,
        a1_0.mobile_no,
        a1_0.name,
        a1_0.password,
        a1_0.role,
        a1_0.updated_at,
        a1_0.wallet_balance,
        c1_0.id,
        c1_0.country,
        c1_0.created_at,
        c1_0.name,
        c1_0.state,
        t1_0.city,
        t1_0.created_at,
        t1_0.name,
        s1_0.time 
    from
        shows s1_0 
    join
        movies m1_0 
            on m1_0.id=s1_0.movie_id 
    join
        theaters t1_0 
            on t1_0.id=s1_0.theater_id 
    left join
        users a1_0 
            on a1_0.id=t1_0.admin_id 
    left join
        cities c1_0 
            on c1_0.id=t1_0.city_id 
    where
        s1_0.show_id=?
Hibernate: 
    select
        s1_0.show_id,
        s1_0.created_at,
        s1_0.date,
        s1_0.movie_id,
        m1_0.id,
        m1_0.cast,
        m1_0.created_at,
        m1_0.description,
        m1_0.director,
        m1_0.duration,
        m1_0.genre,
        m1_0.language,
        m1_0.movie_name,
        m1_0.now_showing,
        m1_0.poster_url,
        m1_0.rating,
        m1_0.release_date,
        m1_0.trailer_url,
        m1_0.updated_at,
        s1_0.theater_id,
        t1_0.id,
        t1_0.address,
        a1_0.id,
        a1_0.address,
        a1_0.age,
        a1_0.city_id,
        a1_0.created_at,
        a1_0.email_id,
        a1_0.gender,
        a1_0.is_active,
        a1_0.mobile_no,
        a1_0.name,
        a1_0.password,
        a1_0.role,
        a1_0.updated_at,
        a1_0.wallet_balance,
        c1_0.id,
        c1_0.country,
        c1_0.created_at,
        c1_0.name,
        c1_0.state,
        t1_0.city,
        t1_0.created_at,
        t1_0.name,
        s1_0.time 
    from
        shows s1_0 
    join
        movies m1_0 
            on m1_0.id=s1_0.movie_id 
    join
        theaters t1_0 
            on t1_0.id=s1_0.theater_id 
    left join
        users a1_0 
            on a1_0.id=t1_0.admin_id 
    left join
        cities c1_0 
            on c1_0.id=t1_0.city_id 
    where
        s1_0.show_id=?
Hibernate: 
    select
        s1_0.show_id,
        s1_0.created_at,
        s1_0.date,
        s1_0.movie_id,
        m1_0.id,
        m1_0.cast,
        m1_0.created_at,
        m1_0.description,
        m1_0.director,
        m1_0.duration,
        m1_0.genre,
        m1_0.language,
        m1_0.movie_name,
        m1_0.now_showing,
        m1_0.poster_url,
        m1_0.rating,
        m1_0.release_date,
        m1_0.trailer_url,
        m1_0.updated_at,
        s1_0.theater_id,
        t1_0.id,
        t1_0.address,
        a1_0.id,
        a1_0.address,
        a1_0.age,
        a1_0.city_id,
        a1_0.created_at,
        a1_0.email_id,
        a1_0.gender,
        a1_0.is_active,
        a1_0.mobile_no,
        a1_0.name,
        a1_0.password,
        a1_0.role,
        a1_0.updated_at,
        a1_0.wallet_balance,
        c1_0.id,
        c1_0.country,
        c1_0.created_at,
        c1_0.name,
        c1_0.state,
        t1_0.city,
        t1_0.created_at,
        t1_0.name,
        s1_0.time 
    from
        shows s1_0 
    join
        movies m1_0 
            on m1_0.id=s1_0.movie_id 
    join
        theaters t1_0 
            on t1_0.id=s1_0.theater_id 
    left join
        users a1_0 
            on a1_0.id=t1_0.admin_id 
    left join
        cities c1_0 
            on c1_0.id=t1_0.city_id 
    where
        s1_0.show_id=?
Hibernate: 
    select
        s1_0.show_id,
        s1_0.created_at,
        s1_0.date,
        s1_0.movie_id,
        m1_0.id,
        m1_0.cast,
        m1_0.created_at,
        m1_0.description,
        m1_0.director,
        m1_0.duration,
        m1_0.genre,
        m1_0.language,
        m1_0.movie_name,
        m1_0.now_showing,
        m1_0.poster_url,
        m1_0.rating,
        m1_0.release_date,
        m1_0.trailer_url,
        m1_0.updated_at,
        s1_0.theater_id,
        t1_0.id,
        t1_0.address,
        a1_0.id,
        a1_0.address,
        a1_0.age,
        a1_0.city_id,
        a1_0.created_at,
        a1_0.email_id,
        a1_0.gender,
        a1_0.is_active,
        a1_0.mobile_no,
        a1_0.name,
        a1_0.password,
        a1_0.role,
        a1_0.updated_at,
        a1_0.wallet_balance,
        c1_0.id,
        c1_0.country,
        c1_0.created_at,
        c1_0.name,
        c1_0.state,
        t1_0.city,
        t1_0.created_at,
        t1_0.name,
        s1_0.time 
    from
        shows s1_0 
    join
        movies m1_0 
            on m1_0.id=s1_0.movie_id 
    join
        theaters t1_0 
            on t1_0.id=s1_0.theater_id 
    left join
        users a1_0 
            on a1_0.id=t1_0.admin_id 
    left join
        cities c1_0 
            on c1_0.id=t1_0.city_id 
    where
        s1_0.show_id=?
Hibernate: 
    select
        s1_0.show_id,
        s1_0.created_at,
        s1_0.date,
        s1_0.movie_id,
        m1_0.id,
        m1_0.cast,
        m1_0.created_at,
        m1_0.description,
        m1_0.director,
        m1_0.duration,
        m1_0.genre,
        m1_0.language,
        m1_0.movie_name,
        m1_0.now_showing,
        m1_0.poster_url,
        m1_0.rating,
        m1_0.release_date,
        m1_0.trailer_url,
        m1_0.updated_at,
        s1_0.theater_id,
        t1_0.id,
        t1_0.address,
        a1_0.id,
        a1_0.address,
        a1_0.age,
        a1_0.city_id,
        a1_0.created_at,
        a1_0.email_id,
        a1_0.gender,
        a1_0.is_active,
        a1_0.mobile_no,
        a1_0.name,
        a1_0.password,
        a1_0.role,
        a1_0.updated_at,
        a1_0.wallet_balance,
        c1_0.id,
        c1_0.country,
        c1_0.created_at,
        c1_0.name,
        c1_0.state,
        t1_0.city,
        t1_0.created_at,
        t1_0.name,
        s1_0.time 
    from
        shows s1_0 
    join
        movies m1_0 
            on m1_0.id=s1_0.movie_id 
    join
        theaters t1_0 
            on t1_0.id=s1_0.theater_id 
    left join
        users a1_0 
            on a1_0.id=t1_0.admin_id 
    left join
        cities c1_0 
            on c1_0.id=t1_0.city_id 
    where
        s1_0.show_id=?
Hibernate: 
    select
        s1_0.show_id,
        s1_0.created_at,
        s1_0.date,
        s1_0.movie_id,
        m1_0.id,
        m1_0.cast,
        m1_0.created_at,
        m1_0.description,
        m1_0.director,
        m1_0.duration,
        m1_0.genre,
        m1_0.language,
        m1_0.movie_name,
        m1_0.now_showing,
        m1_0.poster_url,
        m1_0.rating,
        m1_0.release_date,
        m1_0.trailer_url,
        m1_0.updated_at,
        s1_0.theater_id,
        t1_0.id,
        t1_0.address,
        a1_0.id,
        a1_0.address,
        a1_0.age,
        a1_0.city_id,
        a1_0.created_at,
        a1_0.email_id,
        a1_0.gender,
        a1_0.is_active,
        a1_0.mobile_no,
        a1_0.name,
        a1_0.password,
        a1_0.role,
        a1_0.updated_at,
        a1_0.wallet_balance,
        c1_0.id,
        c1_0.country,
        c1_0.created_at,
        c1_0.name,
        c1_0.state,
        t1_0.city,
        t1_0.created_at,
        t1_0.name,
        s1_0.time 
    from
        shows s1_0 
    join
        movies m1_0 
            on m1_0.id=s1_0.movie_id 
    join
        theaters t1_0 
            on t1_0.id=s1_0.theater_id 
    left join
        users a1_0 
            on a1_0.id=t1_0.admin_id 
    left join
        cities c1_0 
            on c1_0.id=t1_0.city_id 
    where
        s1_0.show_id=?
Hibernate: 
    select
        s1_0.show_id,
        s1_0.created_at,
        s1_0.date,
        s1_0.movie_id,
        m1_0.id,
        m1_0.cast,
        m1_0.created_at,
        m1_0.description,
        m1_0.director,
        m1_0.duration,
        m1_0.genre,
        m1_0.language,
        m1_0.movie_name,
        m1_0.now_showing,
        m1_0.poster_url,
        m1_0.rating,
        m1_0.release_date,
        m1_0.trailer_url,
        m1_0.updated_at,
        s1_0.theater_id,
        t1_0.id,
        t1_0.address,
        a1_0.id,
        a1_0.address,
        a1_0.age,
        a1_0.city_id,
        a1_0.created_at,
        a1_0.email_id,
        a1_0.gender,
        a1_0.is_active,
        a1_0.mobile_no,
        a1_0.name,
        a1_0.password,
        a1_0.role,
        a1_0.updated_at,
        a1_0.wallet_balance,
        c1_0.id,
        c1_0.country,
        c1_0.created_at,
        c1_0.name,
        c1_0.state,
        t1_0.city,
        t1_0.created_at,
        t1_0.name,
        s1_0.time 
    from
        shows s1_0 
    join
        movies m1_0 
            on m1_0.id=s1_0.movie_id 
    join
        theaters t1_0 
            on t1_0.id=s1_0.theater_id 
    left join
        users a1_0 
            on a1_0.id=t1_0.admin_id 
    left join
        cities c1_0 
            on c1_0.id=t1_0.city_id 
    where
        s1_0.show_id=?
Hibernate: 
    select
        u1_0.id,
        u1_0.address,
        u1_0.age,
        u1_0.city_id,
        u1_0.created_at,
        u1_0.email_id,
        u1_0.gender,
        u1_0.is_active,
        u1_0.mobile_no,
        u1_0.name,
        u1_0.password,
        u1_0.role,
        u1_0.updated_at,
        u1_0.wallet_balance 
    from
        users u1_0 
    where
        u1_0.id=?
Hibernate: 
    select
        u1_0.id,
        u1_0.address,
        u1_0.age,
        u1_0.city_id,
        u1_0.created_at,
        u1_0.email_id,
        u1_0.gender,
        u1_0.is_active,
        u1_0.mobile_no,
        u1_0.name,
        u1_0.password,
        u1_0.role,
        u1_0.updated_at,
        u1_0.wallet_balance 
    from
        users u1_0 
    where
        u1_0.id=?
Hibernate: 
    select
        s1_0.show_id,
        s1_0.created_at,
        s1_0.date,
        s1_0.movie_id,
        m1_0.id,
        m1_0.cast,
        m1_0.created_at,
        m1_0.description,
        m1_0.director,
        m1_0.duration,
        m1_0.genre,
        m1_0.language,
        m1_0.movie_name,
        m1_0.now_showing,
        m1_0.poster_url,
        m1_0.rating,
        m1_0.release_date,
        m1_0.trailer_url,
        m1_0.updated_at,
        s1_0.theater_id,
        t1_0.id,
        t1_0.address,
        a1_0.id,
        a1_0.address,
        a1_0.age,
        a1_0.city_id,
        a1_0.created_at,
        a1_0.email_id,
        a1_0.gender,
        a1_0.is_active,
        a1_0.mobile_no,
        a1_0.name,
        a1_0.password,
        a1_0.role,
        a1_0.updated_at,
        a1_0.wallet_balance,
        c1_0.id,
        c1_0.country,
        c1_0.created_at,
        c1_0.name,
        c1_0.state,
        t1_0.city,
        t1_0.created_at,
        t1_0.name,
        s1_0.time 
    from
        shows s1_0 
    join
        movies m1_0 
            on m1_0.id=s1_0.movie_id 
    join
        theaters t1_0 
            on t1_0.id=s1_0.theater_id 
    left join
        users a1_0 
            on a1_0.id=t1_0.admin_id 
    left join
        cities c1_0 
            on c1_0.id=t1_0.city_id 
    where
        s1_0.show_id=?
Hibernate: 
    select
        s1_0.show_id,
        s1_0.created_at,
        s1_0.date,
        s1_0.movie_id,
        m1_0.id,
        m1_0.cast,
        m1_0.created_at,
        m1_0.description,
        m1_0.director,
        m1_0.duration,
        m1_0.genre,
        m1_0.language,
        m1_0.movie_name,
        m1_0.now_showing,
        m1_0.poster_url,
        m1_0.rating,
        m1_0.release_date,
        m1_0.trailer_url,
        m1_0.updated_at,
        s1_0.theater_id,
        t1_0.id,
        t1_0.address,
        a1_0.id,
        a1_0.address,
        a1_0.age,
        a1_0.city_id,
        a1_0.created_at,
        a1_0.email_id,
        a1_0.gender,
        a1_0.is_active,
        a1_0.mobile_no,
        a1_0.name,
        a1_0.password,
        a1_0.role,
        a1_0.updated_at,
        a1_0.wallet_balance,
        c1_0.id,
        c1_0.country,
        c1_0.created_at,
        c1_0.name,
        c1_0.state,
        t1_0.city,
        t1_0.created_at,
        t1_0.name,
        s1_0.time 
    from
        shows s1_0 
    join
        movies m1_0 
            on m1_0.id=s1_0.movie_id 
    join
        theaters t1_0 
            on t1_0.id=s1_0.theater_id 
    left join
        users a1_0 
            on a1_0.id=t1_0.admin_id 
    left join
        cities c1_0 
            on c1_0.id=t1_0.city_id 
    where
        s1_0.show_id=?
Hibernate: 
    select
        s1_0.show_id,
        s1_0.created_at,
        s1_0.date,
        s1_0.movie_id,
        m1_0.id,
        m1_0.cast,
        m1_0.created_at,
        m1_0.description,
        m1_0.director,
        m1_0.duration,
        m1_0.genre,
        m1_0.language,
        m1_0.movie_name,
        m1_0.now_showing,
        m1_0.poster_url,
        m1_0.rating,
        m1_0.release_date,
        m1_0.trailer_url,
        m1_0.updated_at,
        s1_0.theater_id,
        t1_0.id,
        t1_0.address,
        a1_0.id,
        a1_0.address,
        a1_0.age,
        a1_0.city_id,
        a1_0.created_at,
        a1_0.email_id,
        a1_0.gender,
        a1_0.is_active,
        a1_0.mobile_no,
        a1_0.name,
        a1_0.password,
        a1_0.role,
        a1_0.updated_at,
        a1_0.wallet_balance,
        c1_0.id,
        c1_0.country,
        c1_0.created_at,
        c1_0.name,
        c1_0.state,
        t1_0.city,
        t1_0.created_at,
        t1_0.name,
        s1_0.time 
    from
        shows s1_0 
    join
        movies m1_0 
            on m1_0.id=s1_0.movie_id 
    join
        theaters t1_0 
            on t1_0.id=s1_0.theater_id 
    left join
        users a1_0 
            on a1_0.id=t1_0.admin_id 
    left join
        cities c1_0 
            on c1_0.id=t1_0.city_id 
    where
        s1_0.show_id=?
Hibernate: 
    select
        u1_0.id,
        u1_0.address,
        u1_0.age,
        u1_0.city_id,
        u1_0.created_at,
        u1_0.email_id,
        u1_0.gender,
        u1_0.is_active,
        u1_0.mobile_no,
        u1_0.name,
        u1_0.password,
        u1_0.role,
        u1_0.updated_at,
        u1_0.wallet_balance 
    from
        users u1_0 
    where
        u1_0.id=?
Hibernate: 
    select
        s1_0.show_id,
        s1_0.created_at,
        s1_0.date,
        s1_0.movie_id,
        m1_0.id,
        m1_0.cast,
        m1_0.created_at,
        m1_0.description,
        m1_0.director,
        m1_0.duration,
        m1_0.genre,
        m1_0.language,
        m1_0.movie_name,
        m1_0.now_showing,
        m1_0.poster_url,
        m1_0.rating,
        m1_0.release_date,
        m1_0.trailer_url,
        m1_0.updated_at,
        s1_0.theater_id,
        t1_0.id,
        t1_0.address,
        a1_0.id,
        a1_0.address,
        a1_0.age,
        a1_0.city_id,
        a1_0.created_at,
        a1_0.email_id,
        a1_0.gender,
        a1_0.is_active,
        a1_0.mobile_no,
        a1_0.name,
        a1_0.password,
        a1_0.role,
        a1_0.updated_at,
        a1_0.wallet_balance,
        c1_0.id,
        c1_0.country,
        c1_0.created_at,
        c1_0.name,
        c1_0.state,
        t1_0.city,
        t1_0.created_at,
        t1_0.name,
        s1_0.time 
    from
        shows s1_0 
    join
        movies m1_0 
            on m1_0.id=s1_0.movie_id 
    join
        theaters t1_0 
            on t1_0.id=s1_0.theater_id 
    left join
        users a1_0 
            on a1_0.id=t1_0.admin_id 
    left join
        cities c1_0 
            on c1_0.id=t1_0.city_id 
    where
        s1_0.show_id=?
Hibernate: 
    select
        s1_0.show_id,
        s1_0.created_at,
        s1_0.date,
        s1_0.movie_id,
        m1_0.id,
        m1_0.cast,
        m1_0.created_at,
        m1_0.description,
        m1_0.director,
        m1_0.duration,
        m1_0.genre,
        m1_0.language,
        m1_0.movie_name,
        m1_0.now_showing,
        m1_0.poster_url,
        m1_0.rating,
        m1_0.release_date,
        m1_0.trailer_url,
        m1_0.updated_at,
        s1_0.theater_id,
        t1_0.id,
        t1_0.address,
        a1_0.id,
        a1_0.address,
        a1_0.age,
        a1_0.city_id,
        a1_0.created_at,
        a1_0.email_id,
        a1_0.gender,
        a1_0.is_active,
        a1_0.mobile_no,
        a1_0.name,
        a1_0.password,
        a1_0.role,
        a1_0.updated_at,
        a1_0.wallet_balance,
        c1_0.id,
        c1_0.country,
        c1_0.created_at,
        c1_0.name,
        c1_0.state,
        t1_0.city,
        t1_0.created_at,
        t1_0.name,
        s1_0.time 
    from
        shows s1_0 
    join
        movies m1_0 
            on m1_0.id=s1_0.movie_id 
    join
        theaters t1_0 
            on t1_0.id=s1_0.theater_id 
    left join
        users a1_0 
            on a1_0.id=t1_0.admin_id 
    left join
        cities c1_0 
            on c1_0.id=t1_0.city_id 
    where
        s1_0.show_id=?
Hibernate: 
    select
        s1_0.show_id,
        s1_0.created_at,
        s1_0.date,
        s1_0.movie_id,
        m1_0.id,
        m1_0.cast,
        m1_0.created_at,
        m1_0.description,
        m1_0.director,
        m1_0.duration,
        m1_0.genre,
        m1_0.language,
        m1_0.movie_name,
        m1_0.now_showing,
        m1_0.poster_url,
        m1_0.rating,
        m1_0.release_date,
        m1_0.trailer_url,
        m1_0.updated_at,
        s1_0.theater_id,
        t1_0.id,
        t1_0.address,
        a1_0.id,
        a1_0.address,
        a1_0.age,
        a1_0.city_id,
        a1_0.created_at,
        a1_0.email_id,
        a1_0.gender,
        a1_0.is_active,
        a1_0.mobile_no,
        a1_0.name,
        a1_0.password,
        a1_0.role,
        a1_0.updated_at,
        a1_0.wallet_balance,
        c1_0.id,
        c1_0.country,
        c1_0.created_at,
        c1_0.name,
        c1_0.state,
        t1_0.city,
        t1_0.created_at,
        t1_0.name,
        s1_0.time 
    from
        shows s1_0 
    join
        movies m1_0 
            on m1_0.id=s1_0.movie_id 
    join
        theaters t1_0 
            on t1_0.id=s1_0.theater_id 
    left join
        users a1_0 
            on a1_0.id=t1_0.admin_id 
    left join
        cities c1_0 
            on c1_0.id=t1_0.city_id 
    where
        s1_0.show_id=?
Hibernate: 
    select
        s1_0.show_id,
        s1_0.created_at,
        s1_0.date,
        s1_0.movie_id,
        m1_0.id,
        m1_0.cast,
        m1_0.created_at,
        m1_0.description,
        m1_0.director,
        m1_0.duration,
        m1_0.genre,
        m1_0.language,
        m1_0.movie_name,
        m1_0.now_showing,
        m1_0.poster_url,
        m1_0.rating,
        m1_0.release_date,
        m1_0.trailer_url,
        m1_0.updated_at,
        s1_0.theater_id,
        t1_0.id,
        t1_0.address,
        a1_0.id,
        a1_0.address,
        a1_0.age,
        a1_0.city_id,
        a1_0.created_at,
        a1_0.email_id,
        a1_0.gender,
        a1_0.is_active,
        a1_0.mobile_no,
        a1_0.name,
        a1_0.password,
        a1_0.role,
        a1_0.updated_at,
        a1_0.wallet_balance,
        c1_0.id,
        c1_0.country,
        c1_0.created_at,
        c1_0.name,
        c1_0.state,
        t1_0.city,
        t1_0.created_at,
        t1_0.name,
        s1_0.time 
    from
        shows s1_0 
    join
        movies m1_0 
            on m1_0.id=s1_0.movie_id 
    join
        theaters t1_0 
            on t1_0.id=s1_0.theater_id 
    left join
        users a1_0 
            on a1_0.id=t1_0.admin_id 
    left join
        cities c1_0 
            on c1_0.id=t1_0.city_id 
    where
        s1_0.show_id=?
[2m2026-03-26T20:47:42.909+05:30[0;39m [31mERROR[0;39m [35m14365[0;39m [2m---[0;39m [2m[nio-8080-exec-5][0;39m [36mc.d.b.Security.JwtAuthenticationFilter  [0;39m [2m:[0;39m Error extracting username from JWT: JWT expired at 2026-03-25T21:19:05Z. Current time: 2026-03-26T15:17:42Z, a difference of 64717909 milliseconds.  Allowed clock skew: 0 milliseconds.
Hibernate: 
    select
        c1_0.id,
        c1_0.country,
        c1_0.created_at,
        c1_0.name,
        c1_0.state 
    from
        cities c1_0
Hibernate: 
    update
        seat_locks 
    set
        status='RELEASED' 
    where
        status='LOCKED' 
        and expiry_time<=?
